specimen,relative_path,local_absolute_path,white_fraction,mean_intensity,row,col,within_specimen_selection_rank
Sample_013 - 2026-08-04 16.19.56,Sample_013 - 2026-08-04 16.19.56/Sample_013 - 2026-08-04 16.19.56_L0_R00000_C00007_X18088_Y0.jpg,E:\PHD\PhdData\Patologi afd. - Aalborg\40x Input tiles for CVAT\Sample_013 - 2026-08-04 16.19.56\Sample_013 - 2026-08-04 16.19.56_L0_R00000_C00007_X18088_Y0.jpg,0.0,235.631,0,7,0
Sample_013 - 2026-08-04 16.19.56,Sample_013 - 2026-08-04 16.19.56/Sample_013 - 2026-08-04 16.19.56_L0_R00007_C00016_X41344_Y13552.jpg,E:\PHD\PhdData\Patologi afd. - Aalborg\40x Input tiles for CVAT\Sample_013 - 2026-08-04 16.19.56\Sample_013 - 2026-08-04 16.19.56_L0_R00007_C00016_X41344_Y13552.jpg,0.0,224.411,7,16,1
Sample_013 - 2026-08-04 16.19.56,Sample_013 - 2026-08-04 16.19.56/Sample_013 - 2026-08-04 16.19.56_L0_R00013_C00037_X95608_Y25168.jpg,E:\PHD\PhdData\Patologi afd. - Aalborg\40x Input tiles for CVAT\Sample_013 - 2026-08-04 16.19.56\Sample_013 - 2026-08-04 16.19.56_L0_R00013_C00037_X95608_Y25168.jpg,0.0,234.462,13,37,2
Sample_013 - 2026-08-04 16.19.56,Sample_013 - 2026-08-04 16.19.56/Sample_013 - 2026-08-04 16.19.56_L0_R00020_C00024_X62016_Y38720.jpg,E:\PHD\PhdData\Patologi afd. - Aalborg\40x Input tiles for CVAT\Sample_013 - 2026-08-04 16.19.56\Sample_013 - 2026-08-04 16.19.56_L0_R00020_C00024_X62016_Y38720.jpg,0.0,215.247,20,24,3
Sample_013 - 2026-08-04 16.19.56,Sample_013 - 2026-08-04 16.19.56/Sample_013 - 2026-08-04 16.19.56_L0_R00026_C00025_X64600_Y50336.jpg,E:\PHD\PhdData\Patologi afd. - Aalborg\40x Input tiles for CVAT\Sample_013 - 2026-08-04 16.19.56\Sample_013 - 2026-08-04 16.19.56_L0_R00026_C00025_X64600_Y50336.jpg,0.0,231.313,26,25,4
Sample_013 - 2026-08-04 16.19.56,Sample_013 - 2026-08-04 16.19.56/Sample_013 - 2026-08-04 16.19.56_L0_R00032_C00026_X67184_Y61952.jpg,E:\PHD\PhdData\Patologi afd. - Aalborg\40x Input tiles for CVAT\Sample_013 - 2026-08-04 16.19.56\Sample_013 - 2026-08-04 16.19.56_L0_R00032_C00026_X67184_Y61952.jpg,0.0,232.813,32,26,5
Sample_013 - 2026-08-04 16.19.56,Sample_013 - 2026-08-04 16.19.56/Sample_013 - 2026-08-04 16.19.56_L0_R00002_C00001_X2584_Y3872.jpg,E:\PHD\PhdData\Patologi afd. - Aalborg\40x Input tiles for CVAT\Sample_013 - 2026-08-04 16.19.56\Sample_013 - 2026-08-04 16.19.56_L0_R00002_C00001_X2584_Y3872.jpg,0.000102,236.022,2,1,6
Sample_013 - 2026-08-04 16.19.56,Sample_013 - 2026-08-04 16.19.56/Sample_013 - 2026-08-04 16.19.56_L0_R00036_C00038_X98192_Y69696.jpg,E:\PHD\PhdData\Patologi afd. - Aalborg\40x Input tiles for CVAT\Sample_013 - 2026-08-04 16.19.56\Sample_013 - 2026-08-04 16.19.56_L0_R00036_C00038_X98192_Y69696.jpg,0.432922,244.474,36,38,7
Sample_015 - 2026-08-04 16.23.02,Sample_015 - 2026-08-04 16.23.02/Sample_015 - 2026-08-04 16.23.02_L0_R00000_C00008_X20672_Y0.jpg,E:\PHD\PhdData\Patologi afd. - Aalborg\40x Input tiles for CVAT\Sample_015 - 2026-08-04 16.23.02\Sample_015 - 2026-08-04 16.23.02_L0_R00000_C00008_X20672_Y0.jpg,0.0,235.743,0,8,0
Sample_015 - 2026-08-04 16.23.02,Sample_015 - 2026-08-04 16.23.02/Sample_015 - 2026-08-04 16.23.02_L0_R00013_C00009_X23256_Y25168.jpg,E:\PHD\PhdData\Patologi afd. - Aalborg\40x Input tiles for CVAT\Sample_015 - 2026-08-04 16.23.02\Sample_015 - 2026-08-04 16.23.02_L0_R00013_C00009_X23256_Y25168.jpg,0.0,231.392,13,9,1
Sample_015 - 2026-08-04 16.23.02,Sample_015 - 2026-08-04 16.23.02/Sample_015 - 2026-08-04 16.23.02_L0_R00021_C00045_X116280_Y40656.jpg,E:\PHD\PhdData\Patologi afd. - Aalborg\40x Input tiles for CVAT\Sample_015 - 2026-08-04 16.23.02\Sample_015 - 2026-08-04 16.23.02_L0_R00021_C00045_X116280_Y40656.jpg,0.0,225.956,21,45,2
Sample_015 - 2026-08-04 16.23.02,Sample_015 - 2026-08-04 16.23.02/Sample_015 - 2026-08-04 16.23.02_L0_R00031_C00038_X98192_Y60016.jpg,E:\PHD\PhdData\Patologi afd. - Aalborg\40x Input tiles for CVAT\Sample_015 - 2026-08-04 16.23.02\Sample_015 - 2026-08-04 16.23.02_L0_R00031_C00038_X98192_Y60016.jpg,0.0,229.835,31,38,3
Sample_015 - 2026-08-04 16.23.02,Sample_015 - 2026-08-04 16.23.02/Sample_015 - 2026-08-04 16.23.02_L0_R00040_C00032_X82688_Y77440.jpg,E:\PHD\PhdData\Patologi afd. - Aalborg\40x Input tiles for CVAT\Sample_015 - 2026-08-04 16.23.02\Sample_015 - 2026-08-04 16.23.02_L0_R00040_C00032_X82688_Y77440.jpg,0.0,224.695,40,32,4
Sample_015 - 2026-08-04 16.23.02,Sample_015 - 2026-08-04 16.23.02/Sample_015 - 2026-08-04 16.23.02_L0_R00038_C00007_X18088_Y73568.jpg,E:\PHD\PhdData\Patologi afd. - Aalborg\40x Input tiles for CVAT\Sample_015 - 2026-08-04 16.23.02\Sample_015 - 2026-08-04 16.23.02_L0_R00038_C00007_X18088_Y73568.jpg,2e-05,232.784,38,7,5
Sample_015 - 2026-08-04 16.23.02,Sample_015 - 2026-08-04 16.23.02/Sample_015 - 2026-08-04 16.23.02_L0_R00005_C00004_X10336_Y9680.jpg,E:\PHD\PhdData\Patologi afd. - Aalborg\40x Input tiles for CVAT\Sample_015 - 2026-08-04 16.23.02\Sample_015 - 2026-08-04 16.23.02_L0_R00005_C00004_X10336_Y9680.jpg,0.000264,235.77,5,4,6
Sample_015 - 2026-08-04 16.23.02,Sample_015 - 2026-08-04 16.23.02/Sample_015 - 2026-08-04 16.23.02_L0_R00049_C00047_X121448_Y94864.jpg,E:\PHD\PhdData\Patologi afd. - Aalborg\40x Input tiles for CVAT\Sample_015 - 2026-08-04 16.23.02\Sample_015 - 2026-08-04 16.23.02_L0_R00049_C00047_X121448_Y94864.jpg,0.45402,244.599,49,47,7
Sample_018 - 2026-08-04 16.27.41,Sample_018 - 2026-08-04 16.27.41/Sample_018 - 2026-08-04 16.27.41_L0_R00000_C00012_X31008_Y0.jpg,E:\PHD\PhdData\Patologi afd. - Aalborg\40x Input tiles for CVAT\Sample_018 - 2026-08-04 16.27.41\Sample_018 - 2026-08-04 16.27.41_L0_R00000_C00012_X31008_Y0.jpg,0.0,236.15,0,12,0
Sample_018 - 2026-08-04 16.27.41,Sample_018 - 2026-08-04 16.27.41/Sample_018 - 2026-08-04 16.27.41_L0_R00009_C00031_X80104_Y17424.jpg,E:\PHD\PhdData\Patologi afd. - Aalborg\40x Input tiles for CVAT\Sample_018 - 2026-08-04 16.27.41\Sample_018 - 2026-08-04 16.27.41_L0_R00009_C00031_X80104_Y17424.jpg,0.0,218.892,9,31,1
Sample_018 - 2026-08-04 16.27.41,Sample_018 - 2026-08-04 16.27.41/Sample_018 - 2026-08-04 16.27.41_L0_R00015_C00036_X93024_Y29040.jpg,E:\PHD\PhdData\Patologi afd. - Aalborg\40x Input tiles for CVAT\Sample_018 - 2026-08-04 16.27.41\Sample_018 - 2026-08-04 16.27.41_L0_R00015_C00036_X93024_Y29040.jpg,0.0,172.024,15,36,2
Sample_018 - 2026-08-04 16.27.41,Sample_018 - 2026-08-04 16.27.41/Sample_018 - 2026-08-04 16.27.41_L0_R00021_C00036_X93024_Y40656.jpg,E:\PHD\PhdData\Patologi afd. - Aalborg\40x Input tiles for CVAT\Sample_018 - 2026-08-04 16.27.41\Sample_018 - 2026-08-04 16.27.41_L0_R00021_C00036_X93024_Y40656.jpg,0.0,231.875,21,36,3
Sample_018 - 2026-08-04 16.27.41,Sample_018 - 2026-08-04 16.27.41/Sample_018 - 2026-08-04 16.27.41_L0_R00027_C00043_X111112_Y52272.jpg,E:\PHD\PhdData\Patologi afd. - Aalborg\40x Input tiles for CVAT\Sample_018 - 2026-08-04 16.27.41\Sample_018 - 2026-08-04 16.27.41_L0_R00027_C00043_X111112_Y52272.jpg,0.0,224.462,27,43,4
Sample_018 - 2026-08-04 16.27.41,Sample_018 - 2026-08-04 16.27.41/Sample_018 - 2026-08-04 16.27.41_L0_R00034_C00006_X15504_Y65824.jpg,E:\PHD\PhdData\Patologi afd. - Aalborg\40x Input tiles for CVAT\Sample_018 - 2026-08-04 16.27.41\Sample_018 - 2026-08-04 16.27.41_L0_R00034_C00006_X15504_Y65824.jpg,0.0,228.383,34,6,5
Sample_018 - 2026-08-04 16.27.41,Sample_018 - 2026-08-04 16.27.41/Sample_018 - 2026-08-04 16.27.41_L0_R00036_C00046_X118864_Y69696.jpg,E:\PHD\PhdData\Patologi afd. - Aalborg\40x Input tiles for CVAT\Sample_018 - 2026-08-04 16.27.41\Sample_018 - 2026-08-04 16.27.41_L0_R00036_C00046_X118864_Y69696.jpg,4.1e-05,232.482,36,46,6
Sample_018 - 2026-08-04 16.27.41,Sample_018 - 2026-08-04 16.27.41/Sample_018 - 2026-08-04 16.27.41_L0_R00039_C00050_X129200_Y75504.jpg,E:\PHD\PhdData\Patologi afd. - Aalborg\40x Input tiles for CVAT\Sample_018 - 2026-08-04 16.27.41\Sample_018 - 2026-08-04 16.27.41_L0_R00039_C00050_X129200_Y75504.jpg,0.857178,252.374,39,50,7
Sample_019 - 2026-08-04 16.29.36,Sample_019 - 2026-08-04 16.29.36/Sample_019 - 2026-08-04 16.29.36_L0_R00000_C00004_X10336_Y0.jpg,E:\PHD\PhdData\Patologi afd. - Aalborg\40x Input tiles for CVAT\Sample_019 - 2026-08-04 16.29.36\Sample_019 - 2026-08-04 16.29.36_L0_R00000_C00004_X10336_Y0.jpg,0.0,234.541,0,4,0
Sample_019 - 2026-08-04 16.29.36,Sample_019 - 2026-08-04 16.29.36/Sample_019 - 2026-08-04 16.29.36_L0_R00006_C00023_X59432_Y11616.jpg,E:\PHD\PhdData\Patologi afd. - Aalborg\40x Input tiles for CVAT\Sample_019 - 2026-08-04 16.29.36\Sample_019 - 2026-08-04 16.29.36_L0_R00006_C00023_X59432_Y11616.jpg,0.0,216.418,6,23,1
Sample_019 - 2026-08-04 16.29.36,Sample_019 - 2026-08-04 16.29.36/Sample_019 - 2026-08-04 16.29.36_L0_R00012_C00033_X85272_Y23232.jpg,E:\PHD\PhdData\Patologi afd. - Aalborg\40x Input tiles for CVAT\Sample_019 - 2026-08-04 16.29.36\Sample_019 - 2026-08-04 16.29.36_L0_R00012_C00033_X85272_Y23232.jpg,0.0,226.498,12,33,2
Sample_019 - 2026-08-04 16.29.36,Sample_019 - 2026-08-04 16.29.36/Sample_019 - 2026-08-04 16.29.36_L0_R00018_C00030_X77520_Y34848.jpg,E:\PHD\PhdData\Patologi afd. - Aalborg\40x Input tiles for CVAT\Sample_019 - 2026-08-04 16.29.36\Sample_019 - 2026-08-04 16.29.36_L0_R00018_C00030_X77520_Y34848.jpg,0.0,226.056,18,30,3
Sample_019 - 2026-08-04 16.29.36,Sample_019 - 2026-08-04 16.29.36/Sample_019 - 2026-08-04 16.29.36_L0_R00024_C00016_X41344_Y46464.jpg,E:\PHD\PhdData\Patologi afd. - Aalborg\40x Input tiles for CVAT\Sample_019 - 2026-08-04 16.29.36\Sample_019 - 2026-08-04 16.29.36_L0_R00024_C00016_X41344_Y46464.jpg,0.0,217.466,24,16,4
Sample_019 - 2026-08-04 16.29.36,Sample_019 - 2026-08-04 16.29.36/Sample_019 - 2026-08-04 16.29.36_L0_R00030_C00028_X72352_Y58080.jpg,E:\PHD\PhdData\Patologi afd. - Aalborg\40x Input tiles for CVAT\Sample_019 - 2026-08-04 16.29.36\Sample_019 - 2026-08-04 16.29.36_L0_R00030_C00028_X72352_Y58080.jpg,0.0,231.236,30,28,5
Sample_019 - 2026-08-04 16.29.36,Sample_019 - 2026-08-04 16.29.36/Sample_019 - 2026-08-04 16.29.36_L0_R00005_C00007_X18088_Y9680.jpg,E:\PHD\PhdData\Patologi afd. - Aalborg\40x Input tiles for CVAT\Sample_019 - 2026-08-04 16.29.36\Sample_019 - 2026-08-04 16.29.36_L0_R00005_C00007_X18088_Y9680.jpg,4.1e-05,234.812,5,7,6
Sample_019 - 2026-08-04 16.29.36,Sample_019 - 2026-08-04 16.29.36/Sample_019 - 2026-08-04 16.29.36_L0_R00036_C00041_X105944_Y69696.jpg,E:\PHD\PhdData\Patologi afd. - Aalborg\40x Input tiles for CVAT\Sample_019 - 2026-08-04 16.29.36\Sample_019 - 2026-08-04 16.29.36_L0_R00036_C00041_X105944_Y69696.jpg,0.457275,244.262,36,41,7
Sample_021 - 2026-08-04 16.32.19,Sample_021 - 2026-08-04 16.32.19/Sample_021 - 2026-08-04 16.32.19_L0_R00000_C00000_X0_Y0.jpg,E:\PHD\PhdData\Patologi afd. - Aalborg\40x Input tiles for CVAT\Sample_021 - 2026-08-04 16.32.19\Sample_021 - 2026-08-04 16.32.19_L0_R00000_C00000_X0_Y0.jpg,0.0,235.173,0,0,0
Sample_021 - 2026-08-04 16.32.19,Sample_021 - 2026-08-04 16.32.19/Sample_021 - 2026-08-04 16.32.19_L0_R00007_C00001_X2584_Y13552.jpg,E:\PHD\PhdData\Patologi afd. - Aalborg\40x Input tiles for CVAT\Sample_021 - 2026-08-04 16.32.19\Sample_021 - 2026-08-04 16.32.19_L0_R00007_C00001_X2584_Y13552.jpg,0.0,235.228,7,1,1
Sample_021 - 2026-08-04 16.32.19,Sample_021 - 2026-08-04 16.32.19/Sample_021 - 2026-08-04 16.32.19_L0_R00013_C00015_X38760_Y25168.jpg,E:\PHD\PhdData\Patologi afd. - Aalborg\40x Input tiles for CVAT\Sample_021 - 2026-08-04 16.32.19\Sample_021 - 2026-08-04 16.32.19_L0_R00013_C00015_X38760_Y25168.jpg,0.0,212.123,13,15,2
Sample_021 - 2026-08-04 16.32.19,Sample_021 - 2026-08-04 16.32.19/Sample_021 - 2026-08-04 16.32.19_L0_R00019_C00023_X59432_Y36784.jpg,E:\PHD\PhdData\Patologi afd. - Aalborg\40x Input tiles for CVAT\Sample_021 - 2026-08-04 16.32.19\Sample_021 - 2026-08-04 16.32.19_L0_R00019_C00023_X59432_Y36784.jpg,0.0,218.155,19,23,3
Sample_021 - 2026-08-04 16.32.19,Sample_021 - 2026-08-04 16.32.19/Sample_021 - 2026-08-04 16.32.19_L0_R00025_C00021_X54264_Y48400.jpg,E:\PHD\PhdData\Patologi afd. - Aalborg\40x Input tiles for CVAT\Sample_021 - 2026-08-04 16.32.19\Sample_021 - 2026-08-04 16.32.19_L0_R00025_C00021_X54264_Y48400.jpg,0.0,198.434,25,21,4
Sample_021 - 2026-08-04 16.32.19,Sample_021 - 2026-08-04 16.32.19/Sample_021 - 2026-08-04 16.32.19_L0_R00031_C00032_X82688_Y60016.jpg,E:\PHD\PhdData\Patologi afd. - Aalborg\40x Input tiles for CVAT\Sample_021 - 2026-08-04 16.32.19\Sample_021 - 2026-08-04 16.32.19_L0_R00031_C00032_X82688_Y60016.jpg,0.0,206.21,31,32,5
Sample_021 - 2026-08-04 16.32.19,Sample_021 - 2026-08-04 16.32.19/Sample_021 - 2026-08-04 16.32.19_L0_R00032_C00004_X10336_Y61952.jpg,E:\PHD\PhdData\Patologi afd. - Aalborg\40x Input tiles for CVAT\Sample_021 - 2026-08-04 16.32.19\Sample_021 - 2026-08-04 16.32.19_L0_R00032_C00004_X10336_Y61952.jpg,4.1e-05,235.139,32,4,6
Sample_021 - 2026-08-04 16.32.19,Sample_021 - 2026-08-04 16.32.19/Sample_021 - 2026-08-04 16.32.19_L0_R00038_C00043_X111112_Y73568.jpg,E:\PHD\PhdData\Patologi afd. - Aalborg\40x Input tiles for CVAT\Sample_021 - 2026-08-04 16.32.19\Sample_021 - 2026-08-04 16.32.19_L0_R00038_C00043_X111112_Y73568.jpg,0.991882,254.842,38,43,7
Sample_022 - 2026-08-04 16.33.44,Sample_022 - 2026-08-04 16.33.44/Sample_022 - 2026-08-04 16.33.44_L0_R00000_C00000_X0_Y0.jpg,E:\PHD\PhdData\Patologi afd. - Aalborg\40x Input tiles for CVAT\Sample_022 - 2026-08-04 16.33.44\Sample_022 - 2026-08-04 16.33.44_L0_R00000_C00000_X0_Y0.jpg,0.0,236.313,0,0,0
Sample_022 - 2026-08-04 16.33.44,Sample_022 - 2026-08-04 16.33.44/Sample_022 - 2026-08-04 16.33.44_L0_R00005_C00044_X113696_Y9680.jpg,E:\PHD\PhdData\Patologi afd. - Aalborg\40x Input tiles for CVAT\Sample_022 - 2026-08-04 16.33.44\Sample_022 - 2026-08-04 16.33.44_L0_R00005_C00044_X113696_Y9680.jpg,0.0,205.493,5,44,1
Sample_022 - 2026-08-04 16.33.44,Sample_022 - 2026-08-04 16.33.44/Sample_022 - 2026-08-04 16.33.44_L0_R00011_C00001_X2584_Y21296.jpg,E:\PHD\PhdData\Patologi afd. - Aalborg\40x Input tiles for CVAT\Sample_022 - 2026-08-04 16.33.44\Sample_022 - 2026-08-04 16.33.44_L0_R00011_C00001_X2584_Y21296.jpg,0.0,233.507,11,1,2
Sample_022 - 2026-08-04 16.33.44,Sample_022 - 2026-08-04 16.33.44/Sample_022 - 2026-08-04 16.33.44_L0_R00016_C00001_X2584_Y30976.jpg,E:\PHD\PhdData\Patologi afd. - Aalborg\40x Input tiles for CVAT\Sample_022 - 2026-08-04 16.33.44\Sample_022 - 2026-08-04 16.33.44_L0_R00016_C00001_X2584_Y30976.jpg,0.0,230.463,16,1,3
Sample_022 - 2026-08-04 16.33.44,Sample_022 - 2026-08-04 16.33.44/Sample_022 - 2026-08-04 16.33.44_L0_R00021_C00001_X2584_Y40656.jpg,E:\PHD\PhdData\Patologi afd. - Aalborg\40x Input tiles for CVAT\Sample_022 - 2026-08-04 16.33.44\Sample_022 - 2026-08-04 16.33.44_L0_R00021_C00001_X2584_Y40656.jpg,0.0,191.611,21,1,4
Sample_022 - 2026-08-04 16.33.44,Sample_022 - 2026-08-04 16.33.44/Sample_022 - 2026-08-04 16.33.44_L0_R00027_C00001_X2584_Y52272.jpg,E:\PHD\PhdData\Patologi afd. - Aalborg\40x Input tiles for CVAT\Sample_022 - 2026-08-04 16.33.44\Sample_022 - 2026-08-04 16.33.44_L0_R00027_C00001_X2584_Y52272.jpg,0.0,236.114,27,1,5
Sample_022 - 2026-08-04 16.33.44,Sample_022 - 2026-08-04 16.33.44/Sample_022 - 2026-08-04 16.33.44_L0_R00028_C00019_X49096_Y54208.jpg,E:\PHD\PhdData\Patologi afd. - Aalborg\40x Input tiles for CVAT\Sample_022 - 2026-08-04 16.33.44\Sample_022 - 2026-08-04 16.33.44_L0_R00028_C00019_X49096_Y54208.jpg,6.1e-05,230.204,28,19,6
Sample_022 - 2026-08-04 16.33.44,Sample_022 - 2026-08-04 16.33.44/Sample_022 - 2026-08-04 16.33.44_L0_R00030_C00053_X136952_Y58080.jpg,E:\PHD\PhdData\Patologi afd. - Aalborg\40x Input tiles for CVAT\Sample_022 - 2026-08-04 16.33.44\Sample_022 - 2026-08-04 16.33.44_L0_R00030_C00053_X136952_Y58080.jpg,0.528768,246.046,30,53,7
Sample_024 - 2026-08-04 16.36.57,Sample_024 - 2026-08-04 16.36.57/Sample_024 - 2026-08-04 16.36.57_L0_R00000_C00050_X129200_Y0.jpg,E:\PHD\PhdData\Patologi afd. - Aalborg\40x Input tiles for CVAT\Sample_024 - 2026-08-04 16.36.57\Sample_024 - 2026-08-04 16.36.57_L0_R00000_C00050_X129200_Y0.jpg,0.0,0.528,0,50,0
Sample_024 - 2026-08-04 16.36.57,Sample_024 - 2026-08-04 16.36.57/Sample_024 - 2026-08-04 16.36.57_L0_R00013_C00033_X85272_Y25168.jpg,E:\PHD\PhdData\Patologi afd. - Aalborg\40x Input tiles for CVAT\Sample_024 - 2026-08-04 16.36.57\Sample_024 - 2026-08-04 16.36.57_L0_R00013_C00033_X85272_Y25168.jpg,0.0,228.86,13,33,1
Sample_024 - 2026-08-04 16.36.57,Sample_024 - 2026-08-04 16.36.57/Sample_024 - 2026-08-04 16.36.57_L0_R00022_C00024_X62016_Y42592.jpg,E:\PHD\PhdData\Patologi afd. - Aalborg\40x Input tiles for CVAT\Sample_024 - 2026-08-04 16.36.57\Sample_024 - 2026-08-04 16.36.57_L0_R00022_C00024_X62016_Y42592.jpg,0.0,231.926,22,24,2
Sample_024 - 2026-08-04 16.36.57,Sample_024 - 2026-08-04 16.36.57/Sample_024 - 2026-08-04 16.36.57_L0_R00032_C00014_X36176_Y61952.jpg,E:\PHD\PhdData\Patologi afd. - Aalborg\40x Input tiles for CVAT\Sample_024 - 2026-08-04 16.36.57\Sample_024 - 2026-08-04 16.36.57_L0_R00032_C00014_X36176_Y61952.jpg,0.0,180.19,32,14,3
Sample_024 - 2026-08-04 16.36.57,Sample_024 - 2026-08-04 16.36.57/Sample_024 - 2026-08-04 16.36.57_L0_R00041_C00029_X74936_Y79376.jpg,E:\PHD\PhdData\Patologi afd. - Aalborg\40x Input tiles for CVAT\Sample_024 - 2026-08-04 16.36.57\Sample_024 - 2026-08-04 16.36.57_L0_R00041_C00029_X74936_Y79376.jpg,0.0,231.297,41,29,4
Sample_024 - 2026-08-04 16.36.57,Sample_024 - 2026-08-04 16.36.57/Sample_024 - 2026-08-04 16.36.57_L0_R00006_C00047_X121448_Y11616.jpg,E:\PHD\PhdData\Patologi afd. - Aalborg\40x Input tiles for CVAT\Sample_024 - 2026-08-04 16.36.57\Sample_024 - 2026-08-04 16.36.57_L0_R00006_C00047_X121448_Y11616.jpg,2e-05,234.615,6,47,5
Sample_024 - 2026-08-04 16.36.57,Sample_024 - 2026-08-04 16.36.57/Sample_024 - 2026-08-04 16.36.57_L0_R00002_C00043_X111112_Y3872.jpg,E:\PHD\PhdData\Patologi afd. - Aalborg\40x Input tiles for CVAT\Sample_024 - 2026-08-04 16.36.57\Sample_024 - 2026-08-04 16.36.57_L0_R00002_C00043_X111112_Y3872.jpg,0.000142,234.624,2,43,6
Sample_024 - 2026-08-04 16.36.57,Sample_024 - 2026-08-04 16.36.57/Sample_024 - 2026-08-04 16.36.57_L0_R00052_C00052_X134368_Y100672.jpg,E:\PHD\PhdData\Patologi afd. - Aalborg\40x Input tiles for CVAT\Sample_024 - 2026-08-04 16.36.57\Sample_024 - 2026-08-04 16.36.57_L0_R00052_C00052_X134368_Y100672.jpg,0.994303,253.847,52,52,7
Sample_026 - 2026-08-04 16.41.55,Sample_026 - 2026-08-04 16.41.55/Sample_026 - 2026-08-04 16.41.55_L0_R00000_C00027_X69768_Y0.jpg,E:\PHD\PhdData\Patologi afd. - Aalborg\40x Input tiles for CVAT\Sample_026 - 2026-08-04 16.41.55\Sample_026 - 2026-08-04 16.41.55_L0_R00000_C00027_X69768_Y0.jpg,0.0,131.581,0,27,0
Sample_026 - 2026-08-04 16.41.55,Sample_026 - 2026-08-04 16.41.55/Sample_026 - 2026-08-04 16.41.55_L0_R00011_C00047_X121448_Y21296.jpg,E:\PHD\PhdData\Patologi afd. - Aalborg\40x Input tiles for CVAT\Sample_026 - 2026-08-04 16.41.55\Sample_026 - 2026-08-04 16.41.55_L0_R00011_C00047_X121448_Y21296.jpg,0.0,132.848,11,47,1
Sample_026 - 2026-08-04 16.41.55,Sample_026 - 2026-08-04 16.41.55/Sample_026 - 2026-08-04 16.41.55_L0_R00020_C00027_X69768_Y38720.jpg,E:\PHD\PhdData\Patologi afd. - Aalborg\40x Input tiles for CVAT\Sample_026 - 2026-08-04 16.41.55\Sample_026 - 2026-08-04 16.41.55_L0_R00020_C00027_X69768_Y38720.jpg,0.0,210.256,20,27,2
Sample_026 - 2026-08-04 16.41.55,Sample_026 - 2026-08-04 16.41.55/Sample_026 - 2026-08-04 16.41.55_L0_R00029_C00001_X2584_Y56144.jpg,E:\PHD\PhdData\Patologi afd. - Aalborg\40x Input tiles for CVAT\Sample_026 - 2026-08-04 16.41.55\Sample_026 - 2026-08-04 16.41.55_L0_R00029_C00001_X2584_Y56144.jpg,0.0,234.939,29,1,3
Sample_026 - 2026-08-04 16.41.55,Sample_026 - 2026-08-04 16.41.55/Sample_026 - 2026-08-04 16.41.55_L0_R00037_C00055_X142120_Y71632.jpg,E:\PHD\PhdData\Patologi afd. - Aalborg\40x Input tiles for CVAT\Sample_026 - 2026-08-04 16.41.55\Sample_026 - 2026-08-04 16.41.55_L0_R00037_C00055_X142120_Y71632.jpg,0.0,223.64,37,55,4
Sample_026 - 2026-08-04 16.41.55,Sample_026 - 2026-08-04 16.41.55/Sample_026 - 2026-08-04 16.41.55_L0_R00046_C00062_X160208_Y89056.jpg,E:\PHD\PhdData\Patologi afd. - Aalborg\40x Input tiles for CVAT\Sample_026 - 2026-08-04 16.41.55\Sample_026 - 2026-08-04 16.41.55_L0_R00046_C00062_X160208_Y89056.jpg,0.0,234.842,46,62,5
Sample_026 - 2026-08-04 16.41.55,Sample_026 - 2026-08-04 16.41.55/Sample_026 - 2026-08-04 16.41.55_L0_R00020_C00054_X139536_Y38720.jpg,E:\PHD\PhdData\Patologi afd. - Aalborg\40x Input tiles for CVAT\Sample_026 - 2026-08-04 16.41.55\Sample_026 - 2026-08-04 16.41.55_L0_R00020_C00054_X139536_Y38720.jpg,0.000102,217.993,20,54,6
Sample_026 - 2026-08-04 16.41.55,Sample_026 - 2026-08-04 16.41.55/Sample_026 - 2026-08-04 16.41.55_L0_R00000_C00002_X5168_Y0.jpg,E:\PHD\PhdData\Patologi afd. - Aalborg\40x Input tiles for CVAT\Sample_026 - 2026-08-04 16.41.55\Sample_026 - 2026-08-04 16.41.55_L0_R00000_C00002_X5168_Y0.jpg,0.988892,254.701,0,2,7
Sample_027 - 2026-08-04 16.45.07,Sample_027 - 2026-08-04 16.45.07/Sample_027 - 2026-08-04 16.45.07_L0_R00002_C00000_X0_Y3872.jpg,E:\PHD\PhdData\Patologi afd. - Aalborg\40x Input tiles for CVAT\Sample_027 - 2026-08-04 16.45.07\Sample_027 - 2026-08-04 16.45.07_L0_R00002_C00000_X0_Y3872.jpg,0.0,234.969,2,0,0
Sample_027 - 2026-08-04 16.45.07,Sample_027 - 2026-08-04 16.45.07/Sample_027 - 2026-08-04 16.45.07_L0_R00014_C00035_X90440_Y27104.jpg,E:\PHD\PhdData\Patologi afd. - Aalborg\40x Input tiles for CVAT\Sample_027 - 2026-08-04 16.45.07\Sample_027 - 2026-08-04 16.45.07_L0_R00014_C00035_X90440_Y27104.jpg,0.0,230.602,14,35,1
Sample_027 - 2026-08-04 16.45.07,Sample_027 - 2026-08-04 16.45.07/Sample_027 - 2026-08-04 16.45.07_L0_R00023_C00047_X121448_Y44528.jpg,E:\PHD\PhdData\Patologi afd. - Aalborg\40x Input tiles for CVAT\Sample_027 - 2026-08-04 16.45.07\Sample_027 - 2026-08-04 16.45.07_L0_R00023_C00047_X121448_Y44528.jpg,0.0,226.01,23,47,2
Sample_027 - 2026-08-04 16.45.07,Sample_027 - 2026-08-04 16.45.07/Sample_027 - 2026-08-04 16.45.07_L0_R00032_C00031_X80104_Y61952.jpg,E:\PHD\PhdData\Patologi afd. - Aalborg\40x Input tiles for CVAT\Sample_027 - 2026-08-04 16.45.07\Sample_027 - 2026-08-04 16.45.07_L0_R00032_C00031_X80104_Y61952.jpg,0.0,230.581,32,31,3
Sample_027 - 2026-08-04 16.45.07,Sample_027 - 2026-08-04 16.45.07/Sample_027 - 2026-08-04 16.45.07_L0_R00042_C00040_X103360_Y81312.jpg,E:\PHD\PhdData\Patologi afd. - Aalborg\40x Input tiles for CVAT\Sample_027 - 2026-08-04 16.45.07\Sample_027 - 2026-08-04 16.45.07_L0_R00042_C00040_X103360_Y81312.jpg,0.0,232.382,42,40,4
Sample_027 - 2026-08-04 16.45.07,Sample_027 - 2026-08-04 16.45.07/Sample_027 - 2026-08-04 16.45.07_L0_R00050_C00010_X25840_Y96800.jpg,E:\PHD\PhdData\Patologi afd. - Aalborg\40x Input tiles for CVAT\Sample_027 - 2026-08-04 16.45.07\Sample_027 - 2026-08-04 16.45.07_L0_R00050_C00010_X25840_Y96800.jpg,2e-05,235.165,50,10,5
Sample_027 - 2026-08-04 16.45.07,Sample_027 - 2026-08-04 16.45.07/Sample_027 - 2026-08-04 16.45.07_L0_R00051_C00045_X116280_Y98736.jpg,E:\PHD\PhdData\Patologi afd. - Aalborg\40x Input tiles for CVAT\Sample_027 - 2026-08-04 16.45.07\Sample_027 - 2026-08-04 16.45.07_L0_R00051_C00045_X116280_Y98736.jpg,0.000264,234.704,51,45,6
Sample_027 - 2026-08-04 16.45.07,Sample_027 - 2026-08-04 16.45.07/Sample_027 - 2026-08-04 16.45.07_L0_R00000_C00000_X0_Y0.jpg,E:\PHD\PhdData\Patologi afd. - Aalborg\40x Input tiles for CVAT\Sample_027 - 2026-08-04 16.45.07\Sample_027 - 2026-08-04 16.45.07_L0_R00000_C00000_X0_Y0.jpg,0.838908,251.744,0,0,7
Sample_029 - 2026-08-04 16.50.52,Sample_029 - 2026-08-04 16.50.52/Sample_029 - 2026-08-04 16.50.52_L0_R00000_C00063_X162792_Y0.jpg,E:\PHD\PhdData\Patologi afd. - Aalborg\40x Input tiles for CVAT\Sample_029 - 2026-08-04 16.50.52\Sample_029 - 2026-08-04 16.50.52_L0_R00000_C00063_X162792_Y0.jpg,0.0,16.739,0,63,0
Sample_029 - 2026-08-04 16.50.52,Sample_029 - 2026-08-04 16.50.52/Sample_029 - 2026-08-04 16.50.52_L0_R00013_C00002_X5168_Y25168.jpg,E:\PHD\PhdData\Patologi afd. - Aalborg\40x Input tiles for CVAT\Sample_029 - 2026-08-04 16.50.52\Sample_029 - 2026-08-04 16.50.52_L0_R00013_C00002_X5168_Y25168.jpg,0.0,235.142,13,2,1
Sample_029 - 2026-08-04 16.50.52,Sample_029 - 2026-08-04 16.50.52/Sample_029 - 2026-08-04 16.50.52_L0_R00021_C00042_X108528_Y40656.jpg,E:\PHD\PhdData\Patologi afd. - Aalborg\40x Input tiles for CVAT\Sample_029 - 2026-08-04 16.50.52\Sample_029 - 2026-08-04 16.50.52_L0_R00021_C00042_X108528_Y40656.jpg,0.0,213.605,21,42,2
Sample_029 - 2026-08-04 16.50.52,Sample_029 - 2026-08-04 16.50.52/Sample_029 - 2026-08-04 16.50.52_L0_R00030_C00026_X67184_Y58080.jpg,E:\PHD\PhdData\Patologi afd. - Aalborg\40x Input tiles for CVAT\Sample_029 - 2026-08-04 16.50.52\Sample_029 - 2026-08-04 16.50.52_L0_R00030_C00026_X67184_Y58080.jpg,0.0,215.794,30,26,3
Sample_029 - 2026-08-04 16.50.52,Sample_029 - 2026-08-04 16.50.52/Sample_029 - 2026-08-04 16.50.52_L0_R00039_C00000_X0_Y75504.jpg,E:\PHD\PhdData\Patologi afd. - Aalborg\40x Input tiles for CVAT\Sample_029 - 2026-08-04 16.50.52\Sample_029 - 2026-08-04 16.50.52_L0_R00039_C00000_X0_Y75504.jpg,0.0,235.241,39,0,4
Sample_029 - 2026-08-04 16.50.52,Sample_029 - 2026-08-04 16.50.52/Sample_029 - 2026-08-04 16.50.52_L0_R00047_C00057_X147288_Y90992.jpg,E:\PHD\PhdData\Patologi afd. - Aalborg\40x Input tiles for CVAT\Sample_029 - 2026-08-04 16.50.52\Sample_029 - 2026-08-04 16.50.52_L0_R00047_C00057_X147288_Y90992.jpg,0.0,234.896,47,57,5
Sample_029 - 2026-08-04 16.50.52,Sample_029 - 2026-08-04 16.50.52/Sample_029 - 2026-08-04 16.50.52_L0_R00052_C00060_X155040_Y100672.jpg,E:\PHD\PhdData\Patologi afd. - Aalborg\40x Input tiles for CVAT\Sample_029 - 2026-08-04 16.50.52\Sample_029 - 2026-08-04 16.50.52_L0_R00052_C00060_X155040_Y100672.jpg,8.1e-05,234.723,52,60,6
Sample_029 - 2026-08-04 16.50.52,Sample_029 - 2026-08-04 16.50.52/Sample_029 - 2026-08-04 16.50.52_L0_R00055_C00015_X38760_Y106480.jpg,E:\PHD\PhdData\Patologi afd. - Aalborg\40x Input tiles for CVAT\Sample_029 - 2026-08-04 16.50.52\Sample_029 - 2026-08-04 16.50.52_L0_R00055_C00015_X38760_Y106480.jpg,0.924276,252.925,55,15,7
Sample_030 - 2026-08-04 16.53.54,Sample_030 - 2026-08-04 16.53.54/Sample_030 - 2026-08-04 16.53.54_L0_R00000_C00000_X0_Y0.jpg,E:\PHD\PhdData\Patologi afd. - Aalborg\40x Input tiles for CVAT\Sample_030 - 2026-08-04 16.53.54\Sample_030 - 2026-08-04 16.53.54_L0_R00000_C00000_X0_Y0.jpg,0.0,235.339,0,0,0
Sample_030 - 2026-08-04 16.53.54,Sample_030 - 2026-08-04 16.53.54/Sample_030 - 2026-08-04 16.53.54_L0_R00006_C00007_X18088_Y11616.jpg,E:\PHD\PhdData\Patologi afd. - Aalborg\40x Input tiles for CVAT\Sample_030 - 2026-08-04 16.53.54\Sample_030 - 2026-08-04 16.53.54_L0_R00006_C00007_X18088_Y11616.jpg,0.0,234.9,6,7,1
Sample_030 - 2026-08-04 16.53.54,Sample_030 - 2026-08-04 16.53.54/Sample_030 - 2026-08-04 16.53.54_L0_R00012_C00008_X20672_Y23232.jpg,E:\PHD\PhdData\Patologi afd. - Aalborg\40x Input tiles for CVAT\Sample_030 - 2026-08-04 16.53.54\Sample_030 - 2026-08-04 16.53.54_L0_R00012_C00008_X20672_Y23232.jpg,0.0,222.862,12,8,2
Sample_030 - 2026-08-04 16.53.54,Sample_030 - 2026-08-04 16.53.54/Sample_030 - 2026-08-04 16.53.54_L0_R00018_C00011_X28424_Y34848.jpg,E:\PHD\PhdData\Patologi afd. - Aalborg\40x Input tiles for CVAT\Sample_030 - 2026-08-04 16.53.54\Sample_030 - 2026-08-04 16.53.54_L0_R00018_C00011_X28424_Y34848.jpg,0.0,233.075,18,11,3
Sample_030 - 2026-08-04 16.53.54,Sample_030 - 2026-08-04 16.53.54/Sample_030 - 2026-08-04 16.53.54_L0_R00024_C00016_X41344_Y46464.jpg,E:\PHD\PhdData\Patologi afd. - Aalborg\40x Input tiles for CVAT\Sample_030 - 2026-08-04 16.53.54\Sample_030 - 2026-08-04 16.53.54_L0_R00024_C00016_X41344_Y46464.jpg,0.0,230.867,24,16,4
Sample_030 - 2026-08-04 16.53.54,Sample_030 - 2026-08-04 16.53.54/Sample_030 - 2026-08-04 16.53.54_L0_R00029_C00037_X95608_Y56144.jpg,E:\PHD\PhdData\Patologi afd. - Aalborg\40x Input tiles for CVAT\Sample_030 - 2026-08-04 16.53.54\Sample_030 - 2026-08-04 16.53.54_L0_R00029_C00037_X95608_Y56144.jpg,0.0,234.606,29,37,5
Sample_030 - 2026-08-04 16.53.54,Sample_030 - 2026-08-04 16.53.54/Sample_030 - 2026-08-04 16.53.54_L0_R00008_C00009_X23256_Y15488.jpg,E:\PHD\PhdData\Patologi afd. - Aalborg\40x Input tiles for CVAT\Sample_030 - 2026-08-04 16.53.54\Sample_030 - 2026-08-04 16.53.54_L0_R00008_C00009_X23256_Y15488.jpg,6.1e-05,234.096,8,9,6
Sample_030 - 2026-08-04 16.53.54,Sample_030 - 2026-08-04 16.53.54/Sample_030 - 2026-08-04 16.53.54_L0_R00034_C00038_X98192_Y65824.jpg,E:\PHD\PhdData\Patologi afd. - Aalborg\40x Input tiles for CVAT\Sample_030 - 2026-08-04 16.53.54\Sample_030 - 2026-08-04 16.53.54_L0_R00034_C00038_X98192_Y65824.jpg,0.675008,248.505,34,38,7
Sample_033 - 2026-08-04 16.56.17,Sample_033 - 2026-08-04 16.56.17/Sample_033 - 2026-08-04 16.56.17_L0_R00000_C00005_X12920_Y0.jpg,E:\PHD\PhdData\Patologi afd. - Aalborg\40x Input tiles for CVAT\Sample_033 - 2026-08-04 16.56.17\Sample_033 - 2026-08-04 16.56.17_L0_R00000_C00005_X12920_Y0.jpg,0.0,160.136,0,5,0
Sample_033 - 2026-08-04 16.56.17,Sample_033 - 2026-08-04 16.56.17/Sample_033 - 2026-08-04 16.56.17_L0_R00011_C00035_X90440_Y21296.jpg,E:\PHD\PhdData\Patologi afd. - Aalborg\40x Input tiles for CVAT\Sample_033 - 2026-08-04 16.56.17\Sample_033 - 2026-08-04 16.56.17_L0_R00011_C00035_X90440_Y21296.jpg,0.0,224.905,11,35,1
Sample_033 - 2026-08-04 16.56.17,Sample_033 - 2026-08-04 16.56.17/Sample_033 - 2026-08-04 16.56.17_L0_R00021_C00001_X2584_Y40656.jpg,E:\PHD\PhdData\Patologi afd. - Aalborg\40x Input tiles for CVAT\Sample_033 - 2026-08-04 16.56.17\Sample_033 - 2026-08-04 16.56.17_L0_R00021_C00001_X2584_Y40656.jpg,0.0,205.688,21,1,2
Sample_033 - 2026-08-04 16.56.17,Sample_033 - 2026-08-04 16.56.17/Sample_033 - 2026-08-04 16.56.17_L0_R00029_C00013_X33592_Y56144.jpg,E:\PHD\PhdData\Patologi afd. - Aalborg\40x Input tiles for CVAT\Sample_033 - 2026-08-04 16.56.17\Sample_033 - 2026-08-04 16.56.17_L0_R00029_C00013_X33592_Y56144.jpg,0.0,230.555,29,13,3
Sample_033 - 2026-08-04 16.56.17,Sample_033 - 2026-08-04 16.56.17/Sample_033 - 2026-08-04 16.56.17_L0_R00038_C00001_X2584_Y73568.jpg,E:\PHD\PhdData\Patologi afd. - Aalborg\40x Input tiles for CVAT\Sample_033 - 2026-08-04 16.56.17\Sample_033 - 2026-08-04 16.56.17_L0_R00038_C00001_X2584_Y73568.jpg,0.0,220.77,38,1,4
Sample_033 - 2026-08-04 16.56.17,Sample_033 - 2026-08-04 16.56.17/Sample_033 - 2026-08-04 16.56.17_L0_R00048_C00001_X2584_Y92928.jpg,E:\PHD\PhdData\Patologi afd. - Aalborg\40x Input tiles for CVAT\Sample_033 - 2026-08-04 16.56.17\Sample_033 - 2026-08-04 16.56.17_L0_R00048_C00001_X2584_Y92928.jpg,0.0,217.722,48,1,5
Sample_033 - 2026-08-04 16.56.17,Sample_033 - 2026-08-04 16.56.17/Sample_033 - 2026-08-04 16.56.17_L0_R00041_C00035_X90440_Y79376.jpg,E:\PHD\PhdData\Patologi afd. - Aalborg\40x Input tiles for CVAT\Sample_033 - 2026-08-04 16.56.17\Sample_033 - 2026-08-04 16.56.17_L0_R00041_C00035_X90440_Y79376.jpg,8.1e-05,235.864,41,35,6
Sample_033 - 2026-08-04 16.56.17,Sample_033 - 2026-08-04 16.56.17/Sample_033 - 2026-08-04 16.56.17_L0_R00052_C00038_X98192_Y100672.jpg,E:\PHD\PhdData\Patologi afd. - Aalborg\40x Input tiles for CVAT\Sample_033 - 2026-08-04 16.56.17\Sample_033 - 2026-08-04 16.56.17_L0_R00052_C00038_X98192_Y100672.jpg,0.766439,195.868,52,38,7
Sample_035 - 2026-08-04 16.58.58,Sample_035 - 2026-08-04 16.58.58/Sample_035 - 2026-08-04 16.58.58_L0_R00001_C00046_X118864_Y1936.jpg,E:\PHD\PhdData\Patologi afd. - Aalborg\40x Input tiles for CVAT\Sample_035 - 2026-08-04 16.58.58\Sample_035 - 2026-08-04 16.58.58_L0_R00001_C00046_X118864_Y1936.jpg,0.0,226.824,1,46,0
Sample_035 - 2026-08-04 16.58.58,Sample_035 - 2026-08-04 16.58.58/Sample_035 - 2026-08-04 16.58.58_L0_R00012_C00064_X165376_Y23232.jpg,E:\PHD\PhdData\Patologi afd. - Aalborg\40x Input tiles for CVAT\Sample_035 - 2026-08-04 16.58.58\Sample_035 - 2026-08-04 16.58.58_L0_R00012_C00064_X165376_Y23232.jpg,0.0,233.343,12,64,1
Sample_035 - 2026-08-04 16.58.58,Sample_035 - 2026-08-04 16.58.58/Sample_035 - 2026-08-04 16.58.58_L0_R00022_C00011_X28424_Y42592.jpg,E:\PHD\PhdData\Patologi afd. - Aalborg\40x Input tiles for CVAT\Sample_035 - 2026-08-04 16.58.58\Sample_035 - 2026-08-04 16.58.58_L0_R00022_C00011_X28424_Y42592.jpg,0.0,225.118,22,11,2
Sample_035 - 2026-08-04 16.58.58,Sample_035 - 2026-08-04 16.58.58/Sample_035 - 2026-08-04 16.58.58_L0_R00030_C00047_X121448_Y58080.jpg,E:\PHD\PhdData\Patologi afd. - Aalborg\40x Input tiles for CVAT\Sample_035 - 2026-08-04 16.58.58\Sample_035 - 2026-08-04 16.58.58_L0_R00030_C00047_X121448_Y58080.jpg,0.0,227.377,30,47,3
Sample_035 - 2026-08-04 16.58.58,Sample_035 - 2026-08-04 16.58.58/Sample_035 - 2026-08-04 16.58.58_L0_R00039_C00053_X136952_Y75504.jpg,E:\PHD\PhdData\Patologi afd. - Aalborg\40x Input tiles for CVAT\Sample_035 - 2026-08-04 16.58.58\Sample_035 - 2026-08-04 16.58.58_L0_R00039_C00053_X136952_Y75504.jpg,0.0,229.104,39,53,4
Sample_035 - 2026-08-04 16.58.58,Sample_035 - 2026-08-04 16.58.58/Sample_035 - 2026-08-04 16.58.58_L0_R00050_C00028_X72352_Y96800.jpg,E:\PHD\PhdData\Patologi afd. - Aalborg\40x Input tiles for CVAT\Sample_035 - 2026-08-04 16.58.58\Sample_035 - 2026-08-04 16.58.58_L0_R00050_C00028_X72352_Y96800.jpg,0.0,228.905,50,28,5
Sample_035 - 2026-08-04 16.58.58,Sample_035 - 2026-08-04 16.58.58/Sample_035 - 2026-08-04 16.58.58_L0_R00046_C00023_X59432_Y89056.jpg,E:\PHD\PhdData\Patologi afd. - Aalborg\40x Input tiles for CVAT\Sample_035 - 2026-08-04 16.58.58\Sample_035 - 2026-08-04 16.58.58_L0_R00046_C00023_X59432_Y89056.jpg,0.000122,231.332,46,23,6
Sample_035 - 2026-08-04 16.58.58,Sample_035 - 2026-08-04 16.58.58/Sample_035 - 2026-08-04 16.58.58_L0_R00000_C00005_X12920_Y0.jpg,E:\PHD\PhdData\Patologi afd. - Aalborg\40x Input tiles for CVAT\Sample_035 - 2026-08-04 16.58.58\Sample_035 - 2026-08-04 16.58.58_L0_R00000_C00005_X12920_Y0.jpg,0.921427,252.535,0,5,7
Sample_037 - 2026-08-04 17.04.54,Sample_037 - 2026-08-04 17.04.54/Sample_037 - 2026-08-04 17.04.54_L0_R00000_C00063_X162792_Y0.jpg,E:\PHD\PhdData\Patologi afd. - Aalborg\40x Input tiles for CVAT\Sample_037 - 2026-08-04 17.04.54\Sample_037 - 2026-08-04 17.04.54_L0_R00000_C00063_X162792_Y0.jpg,0.0,21.586,0,63,0
Sample_037 - 2026-08-04 17.04.54,Sample_037 - 2026-08-04 17.04.54/Sample_037 - 2026-08-04 17.04.54_L0_R00012_C00054_X139536_Y23232.jpg,E:\PHD\PhdData\Patologi afd. - Aalborg\40x Input tiles for CVAT\Sample_037 - 2026-08-04 17.04.54\Sample_037 - 2026-08-04 17.04.54_L0_R00012_C00054_X139536_Y23232.jpg,0.0,233.259,12,54,1
Sample_037 - 2026-08-04 17.04.54,Sample_037 - 2026-08-04 17.04.54/Sample_037 - 2026-08-04 17.04.54_L0_R00021_C00041_X105944_Y40656.jpg,E:\PHD\PhdData\Patologi afd. - Aalborg\40x Input tiles for CVAT\Sample_037 - 2026-08-04 17.04.54\Sample_037 - 2026-08-04 17.04.54_L0_R00021_C00041_X105944_Y40656.jpg,0.0,229.071,21,41,2
Sample_037 - 2026-08-04 17.04.54,Sample_037 - 2026-08-04 17.04.54/Sample_037 - 2026-08-04 17.04.54_L0_R00030_C00014_X36176_Y58080.jpg,E:\PHD\PhdData\Patologi afd. - Aalborg\40x Input tiles for CVAT\Sample_037 - 2026-08-04 17.04.54\Sample_037 - 2026-08-04 17.04.54_L0_R00030_C00014_X36176_Y58080.jpg,0.0,213.309,30,14,3
Sample_037 - 2026-08-04 17.04.54,Sample_037 - 2026-08-04 17.04.54/Sample_037 - 2026-08-04 17.04.54_L0_R00038_C00059_X152456_Y73568.jpg,E:\PHD\PhdData\Patologi afd. - Aalborg\40x Input tiles for CVAT\Sample_037 - 2026-08-04 17.04.54\Sample_037 - 2026-08-04 17.04.54_L0_R00038_C00059_X152456_Y73568.jpg,0.0,234.138,38,59,4
Sample_037 - 2026-08-04 17.04.54,Sample_037 - 2026-08-04 17.04.54/Sample_037 - 2026-08-04 17.04.54_L0_R00047_C00045_X116280_Y90992.jpg,E:\PHD\PhdData\Patologi afd. - Aalborg\40x Input tiles for CVAT\Sample_037 - 2026-08-04 17.04.54\Sample_037 - 2026-08-04 17.04.54_L0_R00047_C00045_X116280_Y90992.jpg,0.0,221.44,47,45,5
Sample_037 - 2026-08-04 17.04.54,Sample_037 - 2026-08-04 17.04.54/Sample_037 - 2026-08-04 17.04.54_L0_R00052_C00023_X59432_Y100672.jpg,E:\PHD\PhdData\Patologi afd. - Aalborg\40x Input tiles for CVAT\Sample_037 - 2026-08-04 17.04.54\Sample_037 - 2026-08-04 17.04.54_L0_R00052_C00023_X59432_Y100672.jpg,0.000102,233.583,52,23,6
Sample_037 - 2026-08-04 17.04.54,Sample_037 - 2026-08-04 17.04.54/Sample_037 - 2026-08-04 17.04.54_L0_R00055_C00061_X157624_Y106480.jpg,E:\PHD\PhdData\Patologi afd. - Aalborg\40x Input tiles for CVAT\Sample_037 - 2026-08-04 17.04.54\Sample_037 - 2026-08-04 17.04.54_L0_R00055_C00061_X157624_Y106480.jpg,1.0,254.997,55,61,7
Sample_038 - 2026-08-04 17.07.58,Sample_038 - 2026-08-04 17.07.58/Sample_038 - 2026-08-04 17.07.58_L0_R00000_C00047_X121448_Y0.jpg,E:\PHD\PhdData\Patologi afd. - Aalborg\40x Input tiles for CVAT\Sample_038 - 2026-08-04 17.07.58\Sample_038 - 2026-08-04 17.07.58_L0_R00000_C00047_X121448_Y0.jpg,0.0,126.793,0,47,0
Sample_038 - 2026-08-04 17.07.58,Sample_038 - 2026-08-04 17.07.58/Sample_038 - 2026-08-04 17.07.58_L0_R00011_C00028_X72352_Y21296.jpg,E:\PHD\PhdData\Patologi afd. - Aalborg\40x Input tiles for CVAT\Sample_038 - 2026-08-04 17.07.58\Sample_038 - 2026-08-04 17.07.58_L0_R00011_C00028_X72352_Y21296.jpg,0.0,213.655,11,28,1
Sample_038 - 2026-08-04 17.07.58,Sample_038 - 2026-08-04 17.07.58/Sample_038 - 2026-08-04 17.07.58_L0_R00020_C00012_X31008_Y38720.jpg,E:\PHD\PhdData\Patologi afd. - Aalborg\40x Input tiles for CVAT\Sample_038 - 2026-08-04 17.07.58\Sample_038 - 2026-08-04 17.07.58_L0_R00020_C00012_X31008_Y38720.jpg,0.0,228.948,20,12,2
Sample_038 - 2026-08-04 17.07.58,Sample_038 - 2026-08-04 17.07.58/Sample_038 - 2026-08-04 17.07.58_L0_R00028_C00027_X69768_Y54208.jpg,E:\PHD\PhdData\Patologi afd. - Aalborg\40x Input tiles for CVAT\Sample_038 - 2026-08-04 17.07.58\Sample_038 - 2026-08-04 17.07.58_L0_R00028_C00027_X69768_Y54208.jpg,0.0,211.745,28,27,3
Sample_038 - 2026-08-04 17.07.58,Sample_038 - 2026-08-04 17.07.58/Sample_038 - 2026-08-04 17.07.58_L0_R00036_C00038_X98192_Y69696.jpg,E:\PHD\PhdData\Patologi afd. - Aalborg\40x Input tiles for CVAT\Sample_038 - 2026-08-04 17.07.58\Sample_038 - 2026-08-04 17.07.58_L0_R00036_C00038_X98192_Y69696.jpg,0.0,193.545,36,38,4
Sample_038 - 2026-08-04 17.07.58,Sample_038 - 2026-08-04 17.07.58/Sample_038 - 2026-08-04 17.07.58_L0_R00045_C00012_X31008_Y87120.jpg,E:\PHD\PhdData\Patologi afd. - Aalborg\40x Input tiles for CVAT\Sample_038 - 2026-08-04 17.07.58\Sample_038 - 2026-08-04 17.07.58_L0_R00045_C00012_X31008_Y87120.jpg,0.0,225.584,45,12,5
Sample_038 - 2026-08-04 17.07.58,Sample_038 - 2026-08-04 17.07.58/Sample_038 - 2026-08-04 17.07.58_L0_R00023_C00059_X152456_Y44528.jpg,E:\PHD\PhdData\Patologi afd. - Aalborg\40x Input tiles for CVAT\Sample_038 - 2026-08-04 17.07.58\Sample_038 - 2026-08-04 17.07.58_L0_R00023_C00059_X152456_Y44528.jpg,6.1e-05,232.182,23,59,6
Sample_038 - 2026-08-04 17.07.58,Sample_038 - 2026-08-04 17.07.58/Sample_038 - 2026-08-04 17.07.58_L0_R00000_C00002_X5168_Y0.jpg,E:\PHD\PhdData\Patologi afd. - Aalborg\40x Input tiles for CVAT\Sample_038 - 2026-08-04 17.07.58\Sample_038 - 2026-08-04 17.07.58_L0_R00000_C00002_X5168_Y0.jpg,0.811279,241.225,0,2,7
Sample_039 - 2026-08-04 17.10.53,Sample_039 - 2026-08-04 17.10.53/Sample_039 - 2026-08-04 17.10.53_L0_R00001_C00020_X51680_Y1936.jpg,E:\PHD\PhdData\Patologi afd. - Aalborg\40x Input tiles for CVAT\Sample_039 - 2026-08-04 17.10.53\Sample_039 - 2026-08-04 17.10.53_L0_R00001_C00020_X51680_Y1936.jpg,0.0,221.319,1,20,0
Sample_039 - 2026-08-04 17.10.53,Sample_039 - 2026-08-04 17.10.53/Sample_039 - 2026-08-04 17.10.53_L0_R00010_C00039_X100776_Y19360.jpg,E:\PHD\PhdData\Patologi afd. - Aalborg\40x Input tiles for CVAT\Sample_039 - 2026-08-04 17.10.53\Sample_039 - 2026-08-04 17.10.53_L0_R00010_C00039_X100776_Y19360.jpg,0.0,188.321,10,39,1
Sample_039 - 2026-08-04 17.10.53,Sample_039 - 2026-08-04 17.10.53/Sample_039 - 2026-08-04 17.10.53_L0_R00019_C00017_X43928_Y36784.jpg,E:\PHD\PhdData\Patologi afd. - Aalborg\40x Input tiles for CVAT\Sample_039 - 2026-08-04 17.10.53\Sample_039 - 2026-08-04 17.10.53_L0_R00019_C00017_X43928_Y36784.jpg,0.0,163.232,19,17,2
Sample_039 - 2026-08-04 17.10.53,Sample_039 - 2026-08-04 17.10.53/Sample_039 - 2026-08-04 17.10.53_L0_R00027_C00035_X90440_Y52272.jpg,E:\PHD\PhdData\Patologi afd. - Aalborg\40x Input tiles for CVAT\Sample_039 - 2026-08-04 17.10.53\Sample_039 - 2026-08-04 17.10.53_L0_R00027_C00035_X90440_Y52272.jpg,0.0,199.423,27,35,3
Sample_039 - 2026-08-04 17.10.53,Sample_039 - 2026-08-04 17.10.53/Sample_039 - 2026-08-04 17.10.53_L0_R00035_C00052_X134368_Y67760.jpg,E:\PHD\PhdData\Patologi afd. - Aalborg\40x Input tiles for CVAT\Sample_039 - 2026-08-04 17.10.53\Sample_039 - 2026-08-04 17.10.53_L0_R00035_C00052_X134368_Y67760.jpg,0.0,207.741,35,52,4
Sample_039 - 2026-08-04 17.10.53,Sample_039 - 2026-08-04 17.10.53/Sample_039 - 2026-08-04 17.10.53_L0_R00044_C00035_X90440_Y85184.jpg,E:\PHD\PhdData\Patologi afd. - Aalborg\40x Input tiles for CVAT\Sample_039 - 2026-08-04 17.10.53\Sample_039 - 2026-08-04 17.10.53_L0_R00044_C00035_X90440_Y85184.jpg,0.0,196.004,44,35,5
Sample_039 - 2026-08-04 17.10.53,Sample_039 - 2026-08-04 17.10.53/Sample_039 - 2026-08-04 17.10.53_L0_R00013_C00026_X67184_Y25168.jpg,E:\PHD\PhdData\Patologi afd. - Aalborg\40x Input tiles for CVAT\Sample_039 - 2026-08-04 17.10.53\Sample_039 - 2026-08-04 17.10.53_L0_R00013_C00026_X67184_Y25168.jpg,6.1e-05,224.181,13,26,6
Sample_039 - 2026-08-04 17.10.53,Sample_039 - 2026-08-04 17.10.53/Sample_039 - 2026-08-04 17.10.53_L0_R00000_C00000_X0_Y0.jpg,E:\PHD\PhdData\Patologi afd. - Aalborg\40x Input tiles for CVAT\Sample_039 - 2026-08-04 17.10.53\Sample_039 - 2026-08-04 17.10.53_L0_R00000_C00000_X0_Y0.jpg,0.809082,249.636,0,0,7
Sample_043 - 2026-08-04 17.23.15,Sample_043 - 2026-08-04 17.23.15/Sample_043 - 2026-08-04 17.23.15_L0_R00000_C00024_X62016_Y0.jpg,E:\PHD\PhdData\Patologi afd. - Aalborg\40x Input tiles for CVAT\Sample_043 - 2026-08-04 17.23.15\Sample_043 - 2026-08-04 17.23.15_L0_R00000_C00024_X62016_Y0.jpg,0.0,195.655,0,24,0
Sample_043 - 2026-08-04 17.23.15,Sample_043 - 2026-08-04 17.23.15/Sample_043 - 2026-08-04 17.23.15_L0_R00012_C00008_X20672_Y23232.jpg,E:\PHD\PhdData\Patologi afd. - Aalborg\40x Input tiles for CVAT\Sample_043 - 2026-08-04 17.23.15\Sample_043 - 2026-08-04 17.23.15_L0_R00012_C00008_X20672_Y23232.jpg,0.0,229.235,12,8,1
Sample_043 - 2026-08-04 17.23.15,Sample_043 - 2026-08-04 17.23.15/Sample_043 - 2026-08-04 17.23.15_L0_R00021_C00022_X56848_Y40656.jpg,E:\PHD\PhdData\Patologi afd. - Aalborg\40x Input tiles for CVAT\Sample_043 - 2026-08-04 17.23.15\Sample_043 - 2026-08-04 17.23.15_L0_R00021_C00022_X56848_Y40656.jpg,0.0,220.556,21,22,2
Sample_043 - 2026-08-04 17.23.15,Sample_043 - 2026-08-04 17.23.15/Sample_043 - 2026-08-04 17.23.15_L0_R00030_C00031_X80104_Y58080.jpg,E:\PHD\PhdData\Patologi afd. - Aalborg\40x Input tiles for CVAT\Sample_043 - 2026-08-04 17.23.15\Sample_043 - 2026-08-04 17.23.15_L0_R00030_C00031_X80104_Y58080.jpg,0.0,177.61,30,31,3
Sample_043 - 2026-08-04 17.23.15,Sample_043 - 2026-08-04 17.23.15/Sample_043 - 2026-08-04 17.23.15_L0_R00039_C00028_X72352_Y75504.jpg,E:\PHD\PhdData\Patologi afd. - Aalborg\40x Input tiles for CVAT\Sample_043 - 2026-08-04 17.23.15\Sample_043 - 2026-08-04 17.23.15_L0_R00039_C00028_X72352_Y75504.jpg,0.0,196.569,39,28,4
Sample_043 - 2026-08-04 17.23.15,Sample_043 - 2026-08-04 17.23.15/Sample_043 - 2026-08-04 17.23.15_L0_R00048_C00029_X74936_Y92928.jpg,E:\PHD\PhdData\Patologi afd. - Aalborg\40x Input tiles for CVAT\Sample_043 - 2026-08-04 17.23.15\Sample_043 - 2026-08-04 17.23.15_L0_R00048_C00029_X74936_Y92928.jpg,0.0,217.994,48,29,5
Sample_043 - 2026-08-04 17.23.15,Sample_043 - 2026-08-04 17.23.15/Sample_043 - 2026-08-04 17.23.15_L0_R00039_C00007_X18088_Y75504.jpg,E:\PHD\PhdData\Patologi afd. - Aalborg\40x Input tiles for CVAT\Sample_043 - 2026-08-04 17.23.15\Sample_043 - 2026-08-04 17.23.15_L0_R00039_C00007_X18088_Y75504.jpg,6.1e-05,224.786,39,7,6
Sample_043 - 2026-08-04 17.23.15,Sample_043 - 2026-08-04 17.23.15/Sample_043 - 2026-08-04 17.23.15_L0_R00055_C00046_X118864_Y106480.jpg,E:\PHD\PhdData\Patologi afd. - Aalborg\40x Input tiles for CVAT\Sample_043 - 2026-08-04 17.23.15\Sample_043 - 2026-08-04 17.23.15_L0_R00055_C00046_X118864_Y106480.jpg,1.0,254.896,55,46,7
Sample_049 - 2026-08-04 17.38.49,Sample_049 - 2026-08-04 17.38.49/Sample_049 - 2026-08-04 17.38.49_L0_R00000_C00004_X10336_Y0.jpg,E:\PHD\PhdData\Patologi afd. - Aalborg\40x Input tiles for CVAT\Sample_049 - 2026-08-04 17.38.49\Sample_049 - 2026-08-04 17.38.49_L0_R00000_C00004_X10336_Y0.jpg,0.0,235.209,0,4,0
Sample_049 - 2026-08-04 17.38.49,Sample_049 - 2026-08-04 17.38.49/Sample_049 - 2026-08-04 17.38.49_L0_R00006_C00032_X82688_Y11616.jpg,E:\PHD\PhdData\Patologi afd. - Aalborg\40x Input tiles for CVAT\Sample_049 - 2026-08-04 17.38.49\Sample_049 - 2026-08-04 17.38.49_L0_R00006_C00032_X82688_Y11616.jpg,0.0,228.778,6,32,1
Sample_049 - 2026-08-04 17.38.49,Sample_049 - 2026-08-04 17.38.49/Sample_049 - 2026-08-04 17.38.49_L0_R00012_C00036_X93024_Y23232.jpg,E:\PHD\PhdData\Patologi afd. - Aalborg\40x Input tiles for CVAT\Sample_049 - 2026-08-04 17.38.49\Sample_049 - 2026-08-04 17.38.49_L0_R00012_C00036_X93024_Y23232.jpg,0.0,233.867,12,36,2
Sample_049 - 2026-08-04 17.38.49,Sample_049 - 2026-08-04 17.38.49/Sample_049 - 2026-08-04 17.38.49_L0_R00019_C00017_X43928_Y36784.jpg,E:\PHD\PhdData\Patologi afd. - Aalborg\40x Input tiles for CVAT\Sample_049 - 2026-08-04 17.38.49\Sample_049 - 2026-08-04 17.38.49_L0_R00019_C00017_X43928_Y36784.jpg,0.0,229.766,19,17,3
Sample_049 - 2026-08-04 17.38.49,Sample_049 - 2026-08-04 17.38.49/Sample_049 - 2026-08-04 17.38.49_L0_R00026_C00003_X7752_Y50336.jpg,E:\PHD\PhdData\Patologi afd. - Aalborg\40x Input tiles for CVAT\Sample_049 - 2026-08-04 17.38.49\Sample_049 - 2026-08-04 17.38.49_L0_R00026_C00003_X7752_Y50336.jpg,0.0,234.762,26,3,4
Sample_049 - 2026-08-04 17.38.49,Sample_049 - 2026-08-04 17.38.49/Sample_049 - 2026-08-04 17.38.49_L0_R00032_C00013_X33592_Y61952.jpg,E:\PHD\PhdData\Patologi afd. - Aalborg\40x Input tiles for CVAT\Sample_049 - 2026-08-04 17.38.49\Sample_049 - 2026-08-04 17.38.49_L0_R00032_C00013_X33592_Y61952.jpg,0.0,226.039,32,13,5
Sample_049 - 2026-08-04 17.38.49,Sample_049 - 2026-08-04 17.38.49/Sample_049 - 2026-08-04 17.38.49_L0_R00023_C00021_X54264_Y44528.jpg,E:\PHD\PhdData\Patologi afd. - Aalborg\40x Input tiles for CVAT\Sample_049 - 2026-08-04 17.38.49\Sample_049 - 2026-08-04 17.38.49_L0_R00023_C00021_X54264_Y44528.jpg,4.1e-05,232.239,23,21,6
Sample_049 - 2026-08-04 17.38.49,Sample_049 - 2026-08-04 17.38.49/Sample_049 - 2026-08-04 17.38.49_L0_R00036_C00047_X121448_Y69696.jpg,E:\PHD\PhdData\Patologi afd. - Aalborg\40x Input tiles for CVAT\Sample_049 - 2026-08-04 17.38.49\Sample_049 - 2026-08-04 17.38.49_L0_R00036_C00047_X121448_Y69696.jpg,0.505981,245.0,36,47,7
Sample_051 - 2026-08-04 17.41.32,Sample_051 - 2026-08-04 17.41.32/Sample_051 - 2026-08-04 17.41.32_L0_R00000_C00000_X0_Y0.jpg,E:\PHD\PhdData\Patologi afd. - Aalborg\40x Input tiles for CVAT\Sample_051 - 2026-08-04 17.41.32\Sample_051 - 2026-08-04 17.41.32_L0_R00000_C00000_X0_Y0.jpg,0.0,235.354,0,0,0
Sample_051 - 2026-08-04 17.41.32,Sample_051 - 2026-08-04 17.41.32/Sample_051 - 2026-08-04 17.41.32_L0_R00006_C00016_X41344_Y11616.jpg,E:\PHD\PhdData\Patologi afd. - Aalborg\40x Input tiles for CVAT\Sample_051 - 2026-08-04 17.41.32\Sample_051 - 2026-08-04 17.41.32_L0_R00006_C00016_X41344_Y11616.jpg,0.0,224.568,6,16,1
Sample_051 - 2026-08-04 17.41.32,Sample_051 - 2026-08-04 17.41.32/Sample_051 - 2026-08-04 17.41.32_L0_R00011_C00032_X82688_Y21296.jpg,E:\PHD\PhdData\Patologi afd. - Aalborg\40x Input tiles for CVAT\Sample_051 - 2026-08-04 17.41.32\Sample_051 - 2026-08-04 17.41.32_L0_R00011_C00032_X82688_Y21296.jpg,0.0,194.052,11,32,2
Sample_051 - 2026-08-04 17.41.32,Sample_051 - 2026-08-04 17.41.32/Sample_051 - 2026-08-04 17.41.32_L0_R00017_C00004_X10336_Y32912.jpg,E:\PHD\PhdData\Patologi afd. - Aalborg\40x Input tiles for CVAT\Sample_051 - 2026-08-04 17.41.32\Sample_051 - 2026-08-04 17.41.32_L0_R00017_C00004_X10336_Y32912.jpg,0.0,204.222,17,4,3
Sample_051 - 2026-08-04 17.41.32,Sample_051 - 2026-08-04 17.41.32/Sample_051 - 2026-08-04 17.41.32_L0_R00022_C00014_X36176_Y42592.jpg,E:\PHD\PhdData\Patologi afd. - Aalborg\40x Input tiles for CVAT\Sample_051 - 2026-08-04 17.41.32\Sample_051 - 2026-08-04 17.41.32_L0_R00022_C00014_X36176_Y42592.jpg,0.0,201.145,22,14,4
Sample_051 - 2026-08-04 17.41.32,Sample_051 - 2026-08-04 17.41.32/Sample_051 - 2026-08-04 17.41.32_L0_R00027_C00032_X82688_Y52272.jpg,E:\PHD\PhdData\Patologi afd. - Aalborg\40x Input tiles for CVAT\Sample_051 - 2026-08-04 17.41.32\Sample_051 - 2026-08-04 17.41.32_L0_R00027_C00032_X82688_Y52272.jpg,0.0,235.006,27,32,5
Sample_051 - 2026-08-04 17.41.32,Sample_051 - 2026-08-04 17.41.32/Sample_051 - 2026-08-04 17.41.32_L0_R00004_C00023_X59432_Y7744.jpg,E:\PHD\PhdData\Patologi afd. - Aalborg\40x Input tiles for CVAT\Sample_051 - 2026-08-04 17.41.32\Sample_051 - 2026-08-04 17.41.32_L0_R00004_C00023_X59432_Y7744.jpg,4.1e-05,225.888,4,23,6
Sample_051 - 2026-08-04 17.41.32,Sample_051 - 2026-08-04 17.41.32/Sample_051 - 2026-08-04 17.41.32_L0_R00032_C00040_X103360_Y61952.jpg,E:\PHD\PhdData\Patologi afd. - Aalborg\40x Input tiles for CVAT\Sample_051 - 2026-08-04 17.41.32\Sample_051 - 2026-08-04 17.41.32_L0_R00032_C00040_X103360_Y61952.jpg,0.983724,254.673,32,40,7
Sample_053 - 2026-08-04 17.44.06,Sample_053 - 2026-08-04 17.44.06/Sample_053 - 2026-08-04 17.44.06_L0_R00000_C00001_X2584_Y0.jpg,E:\PHD\PhdData\Patologi afd. - Aalborg\40x Input tiles for CVAT\Sample_053 - 2026-08-04 17.44.06\Sample_053 - 2026-08-04 17.44.06_L0_R00000_C00001_X2584_Y0.jpg,0.0,235.157,0,1,0
Sample_053 - 2026-08-04 17.44.06,Sample_053 - 2026-08-04 17.44.06/Sample_053 - 2026-08-04 17.44.06_L0_R00005_C00001_X2584_Y9680.jpg,E:\PHD\PhdData\Patologi afd. - Aalborg\40x Input tiles for CVAT\Sample_053 - 2026-08-04 17.44.06\Sample_053 - 2026-08-04 17.44.06_L0_R00005_C00001_X2584_Y9680.jpg,0.0,234.986,5,1,1
Sample_053 - 2026-08-04 17.44.06,Sample_053 - 2026-08-04 17.44.06/Sample_053 - 2026-08-04 17.44.06_L0_R00009_C00033_X85272_Y17424.jpg,E:\PHD\PhdData\Patologi afd. - Aalborg\40x Input tiles for CVAT\Sample_053 - 2026-08-04 17.44.06\Sample_053 - 2026-08-04 17.44.06_L0_R00009_C00033_X85272_Y17424.jpg,0.0,228.607,9,33,2
Sample_053 - 2026-08-04 17.44.06,Sample_053 - 2026-08-04 17.44.06/Sample_053 - 2026-08-04 17.44.06_L0_R00014_C00026_X67184_Y27104.jpg,E:\PHD\PhdData\Patologi afd. - Aalborg\40x Input tiles for CVAT\Sample_053 - 2026-08-04 17.44.06\Sample_053 - 2026-08-04 17.44.06_L0_R00014_C00026_X67184_Y27104.jpg,0.0,221.99,14,26,3
Sample_053 - 2026-08-04 17.44.06,Sample_053 - 2026-08-04 17.44.06/Sample_053 - 2026-08-04 17.44.06_L0_R00019_C00020_X51680_Y36784.jpg,E:\PHD\PhdData\Patologi afd. - Aalborg\40x Input tiles for CVAT\Sample_053 - 2026-08-04 17.44.06\Sample_053 - 2026-08-04 17.44.06_L0_R00019_C00020_X51680_Y36784.jpg,0.0,228.896,19,20,4
Sample_053 - 2026-08-04 17.44.06,Sample_053 - 2026-08-04 17.44.06/Sample_053 - 2026-08-04 17.44.06_L0_R00024_C00019_X49096_Y46464.jpg,E:\PHD\PhdData\Patologi afd. - Aalborg\40x Input tiles for CVAT\Sample_053 - 2026-08-04 17.44.06\Sample_053 - 2026-08-04 17.44.06_L0_R00024_C00019_X49096_Y46464.jpg,0.0,224.281,24,19,5
Sample_053 - 2026-08-04 17.44.06,Sample_053 - 2026-08-04 17.44.06/Sample_053 - 2026-08-04 17.44.06_L0_R00023_C00034_X87856_Y44528.jpg,E:\PHD\PhdData\Patologi afd. - Aalborg\40x Input tiles for CVAT\Sample_053 - 2026-08-04 17.44.06\Sample_053 - 2026-08-04 17.44.06_L0_R00023_C00034_X87856_Y44528.jpg,2e-05,234.69,23,34,6
Sample_053 - 2026-08-04 17.44.06,Sample_053 - 2026-08-04 17.44.06/Sample_053 - 2026-08-04 17.44.06_L0_R00029_C00040_X103360_Y56144.jpg,E:\PHD\PhdData\Patologi afd. - Aalborg\40x Input tiles for CVAT\Sample_053 - 2026-08-04 17.44.06\Sample_053 - 2026-08-04 17.44.06_L0_R00029_C00040_X103360_Y56144.jpg,0.90625,253.133,29,40,7
Sample_054 - 2026-08-04 17.45.17,Sample_054 - 2026-08-04 17.45.17/Sample_054 - 2026-08-04 17.45.17_L0_R00000_C00000_X0_Y0.jpg,E:\PHD\PhdData\Patologi afd. - Aalborg\40x Input tiles for CVAT\Sample_054 - 2026-08-04 17.45.17\Sample_054 - 2026-08-04 17.45.17_L0_R00000_C00000_X0_Y0.jpg,0.0,235.085,0,0,0
Sample_054 - 2026-08-04 17.45.17,Sample_054 - 2026-08-04 17.45.17/Sample_054 - 2026-08-04 17.45.17_L0_R00008_C00003_X7752_Y15488.jpg,E:\PHD\PhdData\Patologi afd. - Aalborg\40x Input tiles for CVAT\Sample_054 - 2026-08-04 17.45.17\Sample_054 - 2026-08-04 17.45.17_L0_R00008_C00003_X7752_Y15488.jpg,0.0,233.031,8,3,1
Sample_054 - 2026-08-04 17.45.17,Sample_054 - 2026-08-04 17.45.17/Sample_054 - 2026-08-04 17.45.17_L0_R00015_C00003_X7752_Y29040.jpg,E:\PHD\PhdData\Patologi afd. - Aalborg\40x Input tiles for CVAT\Sample_054 - 2026-08-04 17.45.17\Sample_054 - 2026-08-04 17.45.17_L0_R00015_C00003_X7752_Y29040.jpg,0.0,227.274,15,3,2
Sample_054 - 2026-08-04 17.45.17,Sample_054 - 2026-08-04 17.45.17/Sample_054 - 2026-08-04 17.45.17_L0_R00022_C00001_X2584_Y42592.jpg,E:\PHD\PhdData\Patologi afd. - Aalborg\40x Input tiles for CVAT\Sample_054 - 2026-08-04 17.45.17\Sample_054 - 2026-08-04 17.45.17_L0_R00022_C00001_X2584_Y42592.jpg,0.0,229.283,22,1,3
Sample_054 - 2026-08-04 17.45.17,Sample_054 - 2026-08-04 17.45.17/Sample_054 - 2026-08-04 17.45.17_L0_R00028_C00027_X69768_Y54208.jpg,E:\PHD\PhdData\Patologi afd. - Aalborg\40x Input tiles for CVAT\Sample_054 - 2026-08-04 17.45.17\Sample_054 - 2026-08-04 17.45.17_L0_R00028_C00027_X69768_Y54208.jpg,0.0,228.376,28,27,4
Sample_054 - 2026-08-04 17.45.17,Sample_054 - 2026-08-04 17.45.17/Sample_054 - 2026-08-04 17.45.17_L0_R00035_C00024_X62016_Y67760.jpg,E:\PHD\PhdData\Patologi afd. - Aalborg\40x Input tiles for CVAT\Sample_054 - 2026-08-04 17.45.17\Sample_054 - 2026-08-04 17.45.17_L0_R00035_C00024_X62016_Y67760.jpg,0.0,210.485,35,24,5
Sample_054 - 2026-08-04 17.45.17,Sample_054 - 2026-08-04 17.45.17/Sample_054 - 2026-08-04 17.45.17_L0_R00009_C00035_X90440_Y17424.jpg,E:\PHD\PhdData\Patologi afd. - Aalborg\40x Input tiles for CVAT\Sample_054 - 2026-08-04 17.45.17\Sample_054 - 2026-08-04 17.45.17_L0_R00009_C00035_X90440_Y17424.jpg,4.1e-05,234.022,9,35,6
Sample_054 - 2026-08-04 17.45.17,Sample_054 - 2026-08-04 17.45.17/Sample_054 - 2026-08-04 17.45.17_L0_R00041_C00040_X103360_Y79376.jpg,E:\PHD\PhdData\Patologi afd. - Aalborg\40x Input tiles for CVAT\Sample_054 - 2026-08-04 17.45.17\Sample_054 - 2026-08-04 17.45.17_L0_R00041_C00040_X103360_Y79376.jpg,0.91862,253.364,41,40,7
Sample_057 - 2026-08-04 17.50.38,Sample_057 - 2026-08-04 17.50.38/Sample_057 - 2026-08-04 17.50.38_L0_R00000_C00006_X15504_Y0.jpg,E:\PHD\PhdData\Patologi afd. - Aalborg\40x Input tiles for CVAT\Sample_057 - 2026-08-04 17.50.38\Sample_057 - 2026-08-04 17.50.38_L0_R00000_C00006_X15504_Y0.jpg,0.0,235.224,0,6,0
Sample_057 - 2026-08-04 17.50.38,Sample_057 - 2026-08-04 17.50.38/Sample_057 - 2026-08-04 17.50.38_L0_R00011_C00017_X43928_Y21296.jpg,E:\PHD\PhdData\Patologi afd. - Aalborg\40x Input tiles for CVAT\Sample_057 - 2026-08-04 17.50.38\Sample_057 - 2026-08-04 17.50.38_L0_R00011_C00017_X43928_Y21296.jpg,0.0,219.563,11,17,1
Sample_057 - 2026-08-04 17.50.38,Sample_057 - 2026-08-04 17.50.38/Sample_057 - 2026-08-04 17.50.38_L0_R00018_C00028_X72352_Y34848.jpg,E:\PHD\PhdData\Patologi afd. - Aalborg\40x Input tiles for CVAT\Sample_057 - 2026-08-04 17.50.38\Sample_057 - 2026-08-04 17.50.38_L0_R00018_C00028_X72352_Y34848.jpg,0.0,212.538,18,28,2
Sample_057 - 2026-08-04 17.50.38,Sample_057 - 2026-08-04 17.50.38/Sample_057 - 2026-08-04 17.50.38_L0_R00025_C00028_X72352_Y48400.jpg,E:\PHD\PhdData\Patologi afd. - Aalborg\40x Input tiles for CVAT\Sample_057 - 2026-08-04 17.50.38\Sample_057 - 2026-08-04 17.50.38_L0_R00025_C00028_X72352_Y48400.jpg,0.0,225.808,25,28,3
Sample_057 - 2026-08-04 17.50.38,Sample_057 - 2026-08-04 17.50.38/Sample_057 - 2026-08-04 17.50.38_L0_R00033_C00001_X2584_Y63888.jpg,E:\PHD\PhdData\Patologi afd. - Aalborg\40x Input tiles for CVAT\Sample_057 - 2026-08-04 17.50.38\Sample_057 - 2026-08-04 17.50.38_L0_R00033_C00001_X2584_Y63888.jpg,0.0,235.166,33,1,4
Sample_057 - 2026-08-04 17.50.38,Sample_057 - 2026-08-04 17.50.38/Sample_057 - 2026-08-04 17.50.38_L0_R00003_C00039_X100776_Y5808.jpg,E:\PHD\PhdData\Patologi afd. - Aalborg\40x Input tiles for CVAT\Sample_057 - 2026-08-04 17.50.38\Sample_057 - 2026-08-04 17.50.38_L0_R00003_C00039_X100776_Y5808.jpg,6.1e-05,234.74,3,39,5
Sample_057 - 2026-08-04 17.50.38,Sample_057 - 2026-08-04 17.50.38/Sample_057 - 2026-08-04 17.50.38_L0_R00037_C00004_X10336_Y71632.jpg,E:\PHD\PhdData\Patologi afd. - Aalborg\40x Input tiles for CVAT\Sample_057 - 2026-08-04 17.50.38\Sample_057 - 2026-08-04 17.50.38_L0_R00037_C00004_X10336_Y71632.jpg,0.000285,235.062,37,4,6
Sample_057 - 2026-08-04 17.50.38,Sample_057 - 2026-08-04 17.50.38/Sample_057 - 2026-08-04 17.50.38_L0_R00039_C00041_X105944_Y75504.jpg,E:\PHD\PhdData\Patologi afd. - Aalborg\40x Input tiles for CVAT\Sample_057 - 2026-08-04 17.50.38\Sample_057 - 2026-08-04 17.50.38_L0_R00039_C00041_X105944_Y75504.jpg,0.834961,251.671,39,41,7
Sample_058 - 2026-08-04 17.52.24,Sample_058 - 2026-08-04 17.52.24/Sample_058 - 2026-08-04 17.52.24_L0_R00000_C00011_X28424_Y0.jpg,E:\PHD\PhdData\Patologi afd. - Aalborg\40x Input tiles for CVAT\Sample_058 - 2026-08-04 17.52.24\Sample_058 - 2026-08-04 17.52.24_L0_R00000_C00011_X28424_Y0.jpg,0.0,235.168,0,11,0
Sample_058 - 2026-08-04 17.52.24,Sample_058 - 2026-08-04 17.52.24/Sample_058 - 2026-08-04 17.52.24_L0_R00012_C00020_X51680_Y23232.jpg,E:\PHD\PhdData\Patologi afd. - Aalborg\40x Input tiles for CVAT\Sample_058 - 2026-08-04 17.52.24\Sample_058 - 2026-08-04 17.52.24_L0_R00012_C00020_X51680_Y23232.jpg,0.0,227.937,12,20,1
Sample_058 - 2026-08-04 17.52.24,Sample_058 - 2026-08-04 17.52.24/Sample_058 - 2026-08-04 17.52.24_L0_R00020_C00032_X82688_Y38720.jpg,E:\PHD\PhdData\Patologi afd. - Aalborg\40x Input tiles for CVAT\Sample_058 - 2026-08-04 17.52.24\Sample_058 - 2026-08-04 17.52.24_L0_R00020_C00032_X82688_Y38720.jpg,0.0,234.015,20,32,2
Sample_058 - 2026-08-04 17.52.24,Sample_058 - 2026-08-04 17.52.24/Sample_058 - 2026-08-04 17.52.24_L0_R00029_C00022_X56848_Y56144.jpg,E:\PHD\PhdData\Patologi afd. - Aalborg\40x Input tiles for CVAT\Sample_058 - 2026-08-04 17.52.24\Sample_058 - 2026-08-04 17.52.24_L0_R00029_C00022_X56848_Y56144.jpg,0.0,227.949,29,22,3
Sample_058 - 2026-08-04 17.52.24,Sample_058 - 2026-08-04 17.52.24/Sample_058 - 2026-08-04 17.52.24_L0_R00006_C00014_X36176_Y11616.jpg,E:\PHD\PhdData\Patologi afd. - Aalborg\40x Input tiles for CVAT\Sample_058 - 2026-08-04 17.52.24\Sample_058 - 2026-08-04 17.52.24_L0_R00006_C00014_X36176_Y11616.jpg,2e-05,229.909,6,14,4
Sample_058 - 2026-08-04 17.52.24,Sample_058 - 2026-08-04 17.52.24/Sample_058 - 2026-08-04 17.52.24_L0_R00020_C00031_X80104_Y38720.jpg,E:\PHD\PhdData\Patologi afd. - Aalborg\40x Input tiles for CVAT\Sample_058 - 2026-08-04 17.52.24\Sample_058 - 2026-08-04 17.52.24_L0_R00020_C00031_X80104_Y38720.jpg,0.000122,231.376,20,31,5
Sample_058 - 2026-08-04 17.52.24,Sample_058 - 2026-08-04 17.52.24/Sample_058 - 2026-08-04 17.52.24_L0_R00001_C00008_X20672_Y1936.jpg,E:\PHD\PhdData\Patologi afd. - Aalborg\40x Input tiles for CVAT\Sample_058 - 2026-08-04 17.52.24\Sample_058 - 2026-08-04 17.52.24_L0_R00001_C00008_X20672_Y1936.jpg,0.000387,234.997,1,8,6
Sample_058 - 2026-08-04 17.52.24,Sample_058 - 2026-08-04 17.52.24/Sample_058 - 2026-08-04 17.52.24_L0_R00039_C00038_X98192_Y75504.jpg,E:\PHD\PhdData\Patologi afd. - Aalborg\40x Input tiles for CVAT\Sample_058 - 2026-08-04 17.52.24\Sample_058 - 2026-08-04 17.52.24_L0_R00039_C00038_X98192_Y75504.jpg,0.827555,251.547,39,38,7
Sample_059 - 2026-08-04 17.54.03,Sample_059 - 2026-08-04 17.54.03/Sample_059 - 2026-08-04 17.54.03_L0_R00000_C00031_X80104_Y0.jpg,E:\PHD\PhdData\Patologi afd. - Aalborg\40x Input tiles for CVAT\Sample_059 - 2026-08-04 17.54.03\Sample_059 - 2026-08-04 17.54.03_L0_R00000_C00031_X80104_Y0.jpg,0.0,234.453,0,31,0
Sample_059 - 2026-08-04 17.54.03,Sample_059 - 2026-08-04 17.54.03/Sample_059 - 2026-08-04 17.54.03_L0_R00014_C00023_X59432_Y27104.jpg,E:\PHD\PhdData\Patologi afd. - Aalborg\40x Input tiles for CVAT\Sample_059 - 2026-08-04 17.54.03\Sample_059 - 2026-08-04 17.54.03_L0_R00014_C00023_X59432_Y27104.jpg,0.0,230.669,14,23,1
Sample_059 - 2026-08-04 17.54.03,Sample_059 - 2026-08-04 17.54.03/Sample_059 - 2026-08-04 17.54.03_L0_R00024_C00024_X62016_Y46464.jpg,E:\PHD\PhdData\Patologi afd. - Aalborg\40x Input tiles for CVAT\Sample_059 - 2026-08-04 17.54.03\Sample_059 - 2026-08-04 17.54.03_L0_R00024_C00024_X62016_Y46464.jpg,0.0,233.712,24,24,2
Sample_059 - 2026-08-04 17.54.03,Sample_059 - 2026-08-04 17.54.03/Sample_059 - 2026-08-04 17.54.03_L0_R00034_C00011_X28424_Y65824.jpg,E:\PHD\PhdData\Patologi afd. - Aalborg\40x Input tiles for CVAT\Sample_059 - 2026-08-04 17.54.03\Sample_059 - 2026-08-04 17.54.03_L0_R00034_C00011_X28424_Y65824.jpg,0.0,231.792,34,11,3
Sample_059 - 2026-08-04 17.54.03,Sample_059 - 2026-08-04 17.54.03/Sample_059 - 2026-08-04 17.54.03_L0_R00008_C00009_X23256_Y15488.jpg,E:\PHD\PhdData\Patologi afd. - Aalborg\40x Input tiles for CVAT\Sample_059 - 2026-08-04 17.54.03\Sample_059 - 2026-08-04 17.54.03_L0_R00008_C00009_X23256_Y15488.jpg,4.1e-05,232.091,8,9,4
Sample_059 - 2026-08-04 17.54.03,Sample_059 - 2026-08-04 17.54.03/Sample_059 - 2026-08-04 17.54.03_L0_R00003_C00012_X31008_Y5808.jpg,E:\PHD\PhdData\Patologi afd. - Aalborg\40x Input tiles for CVAT\Sample_059 - 2026-08-04 17.54.03\Sample_059 - 2026-08-04 17.54.03_L0_R00003_C00012_X31008_Y5808.jpg,0.000163,232.629,3,12,5
Sample_059 - 2026-08-04 17.54.03,Sample_059 - 2026-08-04 17.54.03/Sample_059 - 2026-08-04 17.54.03_L0_R00000_C00029_X74936_Y0.jpg,E:\PHD\PhdData\Patologi afd. - Aalborg\40x Input tiles for CVAT\Sample_059 - 2026-08-04 17.54.03\Sample_059 - 2026-08-04 17.54.03_L0_R00000_C00029_X74936_Y0.jpg,0.000488,235.034,0,29,6
Sample_059 - 2026-08-04 17.54.03,Sample_059 - 2026-08-04 17.54.03/Sample_059 - 2026-08-04 17.54.03_L0_R00042_C00047_X121448_Y81312.jpg,E:\PHD\PhdData\Patologi afd. - Aalborg\40x Input tiles for CVAT\Sample_059 - 2026-08-04 17.54.03\Sample_059 - 2026-08-04 17.54.03_L0_R00042_C00047_X121448_Y81312.jpg,0.532003,245.65,42,47,7
Sample_060 - 2026-08-04 17.55.59,Sample_060 - 2026-08-04 17.55.59/Sample_060 - 2026-08-04 17.55.59_L0_R00000_C00004_X10336_Y0.jpg,E:\PHD\PhdData\Patologi afd. - Aalborg\40x Input tiles for CVAT\Sample_060 - 2026-08-04 17.55.59\Sample_060 - 2026-08-04 17.55.59_L0_R00000_C00004_X10336_Y0.jpg,0.0,234.859,0,4,0
Sample_060 - 2026-08-04 17.55.59,Sample_060 - 2026-08-04 17.55.59/Sample_060 - 2026-08-04 17.55.59_L0_R00010_C00019_X49096_Y19360.jpg,E:\PHD\PhdData\Patologi afd. - Aalborg\40x Input tiles for CVAT\Sample_060 - 2026-08-04 17.55.59\Sample_060 - 2026-08-04 17.55.59_L0_R00010_C00019_X49096_Y19360.jpg,0.0,229.678,10,19,1
Sample_060 - 2026-08-04 17.55.59,Sample_060 - 2026-08-04 17.55.59/Sample_060 - 2026-08-04 17.55.59_L0_R00018_C00047_X121448_Y34848.jpg,E:\PHD\PhdData\Patologi afd. - Aalborg\40x Input tiles for CVAT\Sample_060 - 2026-08-04 17.55.59\Sample_060 - 2026-08-04 17.55.59_L0_R00018_C00047_X121448_Y34848.jpg,0.0,219.081,18,47,2
Sample_060 - 2026-08-04 17.55.59,Sample_060 - 2026-08-04 17.55.59/Sample_060 - 2026-08-04 17.55.59_L0_R00027_C00006_X15504_Y52272.jpg,E:\PHD\PhdData\Patologi afd. - Aalborg\40x Input tiles for CVAT\Sample_060 - 2026-08-04 17.55.59\Sample_060 - 2026-08-04 17.55.59_L0_R00027_C00006_X15504_Y52272.jpg,0.0,233.503,27,6,3
Sample_060 - 2026-08-04 17.55.59,Sample_060 - 2026-08-04 17.55.59/Sample_060 - 2026-08-04 17.55.59_L0_R00037_C00055_X142120_Y71632.jpg,E:\PHD\PhdData\Patologi afd. - Aalborg\40x Input tiles for CVAT\Sample_060 - 2026-08-04 17.55.59\Sample_060 - 2026-08-04 17.55.59_L0_R00037_C00055_X142120_Y71632.jpg,0.0,163.082,37,55,4
Sample_060 - 2026-08-04 17.55.59,Sample_060 - 2026-08-04 17.55.59/Sample_060 - 2026-08-04 17.55.59_L0_R00002_C00014_X36176_Y3872.jpg,E:\PHD\PhdData\Patologi afd. - Aalborg\40x Input tiles for CVAT\Sample_060 - 2026-08-04 17.55.59\Sample_060 - 2026-08-04 17.55.59_L0_R00002_C00014_X36176_Y3872.jpg,0.000102,224.611,2,14,5
Sample_060 - 2026-08-04 17.55.59,Sample_060 - 2026-08-04 17.55.59/Sample_060 - 2026-08-04 17.55.59_L0_R00043_C00018_X46512_Y83248.jpg,E:\PHD\PhdData\Patologi afd. - Aalborg\40x Input tiles for CVAT\Sample_060 - 2026-08-04 17.55.59\Sample_060 - 2026-08-04 17.55.59_L0_R00043_C00018_X46512_Y83248.jpg,0.000427,234.909,43,18,6
Sample_060 - 2026-08-04 17.55.59,Sample_060 - 2026-08-04 17.55.59/Sample_060 - 2026-08-04 17.55.59_L0_R00045_C00060_X155040_Y87120.jpg,E:\PHD\PhdData\Patologi afd. - Aalborg\40x Input tiles for CVAT\Sample_060 - 2026-08-04 17.55.59\Sample_060 - 2026-08-04 17.55.59_L0_R00045_C00060_X155040_Y87120.jpg,0.792094,250.659,45,60,7
Sample_062 - 2026-08-04 18.00.21,Sample_062 - 2026-08-04 18.00.21/Sample_062 - 2026-08-04 18.00.21_L0_R00000_C00003_X7752_Y0.jpg,E:\PHD\PhdData\Patologi afd. - Aalborg\40x Input tiles for CVAT\Sample_062 - 2026-08-04 18.00.21\Sample_062 - 2026-08-04 18.00.21_L0_R00000_C00003_X7752_Y0.jpg,0.0,235.969,0,3,0
Sample_062 - 2026-08-04 18.00.21,Sample_062 - 2026-08-04 18.00.21/Sample_062 - 2026-08-04 18.00.21_L0_R00012_C00044_X113696_Y23232.jpg,E:\PHD\PhdData\Patologi afd. - Aalborg\40x Input tiles for CVAT\Sample_062 - 2026-08-04 18.00.21\Sample_062 - 2026-08-04 18.00.21_L0_R00012_C00044_X113696_Y23232.jpg,0.0,233.233,12,44,1
Sample_062 - 2026-08-04 18.00.21,Sample_062 - 2026-08-04 18.00.21/Sample_062 - 2026-08-04 18.00.21_L0_R00022_C00049_X126616_Y42592.jpg,E:\PHD\PhdData\Patologi afd. - Aalborg\40x Input tiles for CVAT\Sample_062 - 2026-08-04 18.00.21\Sample_062 - 2026-08-04 18.00.21_L0_R00022_C00049_X126616_Y42592.jpg,0.0,232.441,22,49,2
Sample_062 - 2026-08-04 18.00.21,Sample_062 - 2026-08-04 18.00.21/Sample_062 - 2026-08-04 18.00.21_L0_R00033_C00014_X36176_Y63888.jpg,E:\PHD\PhdData\Patologi afd. - Aalborg\40x Input tiles for CVAT\Sample_062 - 2026-08-04 18.00.21\Sample_062 - 2026-08-04 18.00.21_L0_R00033_C00014_X36176_Y63888.jpg,0.0,230.391,33,14,3
Sample_062 - 2026-08-04 18.00.21,Sample_062 - 2026-08-04 18.00.21/Sample_062 - 2026-08-04 18.00.21_L0_R00044_C00018_X46512_Y85184.jpg,E:\PHD\PhdData\Patologi afd. - Aalborg\40x Input tiles for CVAT\Sample_062 - 2026-08-04 18.00.21\Sample_062 - 2026-08-04 18.00.21_L0_R00044_C00018_X46512_Y85184.jpg,0.0,232.802,44,18,4
Sample_062 - 2026-08-04 18.00.21,Sample_062 - 2026-08-04 18.00.21/Sample_062 - 2026-08-04 18.00.21_L0_R00031_C00005_X12920_Y60016.jpg,E:\PHD\PhdData\Patologi afd. - Aalborg\40x Input tiles for CVAT\Sample_062 - 2026-08-04 18.00.21\Sample_062 - 2026-08-04 18.00.21_L0_R00031_C00005_X12920_Y60016.jpg,8.1e-05,214.523,31,5,5
Sample_062 - 2026-08-04 18.00.21,Sample_062 - 2026-08-04 18.00.21/Sample_062 - 2026-08-04 18.00.21_L0_R00024_C00051_X131784_Y46464.jpg,E:\PHD\PhdData\Patologi afd. - Aalborg\40x Input tiles for CVAT\Sample_062 - 2026-08-04 18.00.21\Sample_062 - 2026-08-04 18.00.21_L0_R00024_C00051_X131784_Y46464.jpg,0.00059,230.798,24,51,6
Sample_062 - 2026-08-04 18.00.21,Sample_062 - 2026-08-04 18.00.21/Sample_062 - 2026-08-04 18.00.21_L0_R00046_C00052_X134368_Y89056.jpg,E:\PHD\PhdData\Patologi afd. - Aalborg\40x Input tiles for CVAT\Sample_062 - 2026-08-04 18.00.21\Sample_062 - 2026-08-04 18.00.21_L0_R00046_C00052_X134368_Y89056.jpg,0.995178,254.897,46,52,7
Sample_063 - 2026-08-04 18.02.34,Sample_063 - 2026-08-04 18.02.34/Sample_063 - 2026-08-04 18.02.34_L0_R00000_C00064_X165376_Y0.jpg,E:\PHD\PhdData\Patologi afd. - Aalborg\40x Input tiles for CVAT\Sample_063 - 2026-08-04 18.02.34\Sample_063 - 2026-08-04 18.02.34_L0_R00000_C00064_X165376_Y0.jpg,0.0,79.292,0,64,0
Sample_063 - 2026-08-04 18.02.34,Sample_063 - 2026-08-04 18.02.34/Sample_063 - 2026-08-04 18.02.34_L0_R00015_C00031_X80104_Y29040.jpg,E:\PHD\PhdData\Patologi afd. - Aalborg\40x Input tiles for CVAT\Sample_063 - 2026-08-04 18.02.34\Sample_063 - 2026-08-04 18.02.34_L0_R00015_C00031_X80104_Y29040.jpg,0.0,216.896,15,31,1
Sample_063 - 2026-08-04 18.02.34,Sample_063 - 2026-08-04 18.02.34/Sample_063 - 2026-08-04 18.02.34_L0_R00025_C00043_X111112_Y48400.jpg,E:\PHD\PhdData\Patologi afd. - Aalborg\40x Input tiles for CVAT\Sample_063 - 2026-08-04 18.02.34\Sample_063 - 2026-08-04 18.02.34_L0_R00025_C00043_X111112_Y48400.jpg,0.0,191.176,25,43,2
Sample_063 - 2026-08-04 18.02.34,Sample_063 - 2026-08-04 18.02.34/Sample_063 - 2026-08-04 18.02.34_L0_R00034_C00048_X124032_Y65824.jpg,E:\PHD\PhdData\Patologi afd. - Aalborg\40x Input tiles for CVAT\Sample_063 - 2026-08-04 18.02.34\Sample_063 - 2026-08-04 18.02.34_L0_R00034_C00048_X124032_Y65824.jpg,0.0,229.755,34,48,3
Sample_063 - 2026-08-04 18.02.34,Sample_063 - 2026-08-04 18.02.34/Sample_063 - 2026-08-04 18.02.34_L0_R00045_C00042_X108528_Y87120.jpg,E:\PHD\PhdData\Patologi afd. - Aalborg\40x Input tiles for CVAT\Sample_063 - 2026-08-04 18.02.34\Sample_063 - 2026-08-04 18.02.34_L0_R00045_C00042_X108528_Y87120.jpg,0.0,235.925,45,42,4
Sample_063 - 2026-08-04 18.02.34,Sample_063 - 2026-08-04 18.02.34/Sample_063 - 2026-08-04 18.02.34_L0_R00034_C00049_X126616_Y65824.jpg,E:\PHD\PhdData\Patologi afd. - Aalborg\40x Input tiles for CVAT\Sample_063 - 2026-08-04 18.02.34\Sample_063 - 2026-08-04 18.02.34_L0_R00034_C00049_X126616_Y65824.jpg,8.1e-05,231.163,34,49,5
Sample_063 - 2026-08-04 18.02.34,Sample_063 - 2026-08-04 18.02.34/Sample_063 - 2026-08-04 18.02.34_L0_R00046_C00059_X152456_Y89056.jpg,E:\PHD\PhdData\Patologi afd. - Aalborg\40x Input tiles for CVAT\Sample_063 - 2026-08-04 18.02.34\Sample_063 - 2026-08-04 18.02.34_L0_R00046_C00059_X152456_Y89056.jpg,0.000834,235.193,46,59,6
Sample_063 - 2026-08-04 18.02.34,Sample_063 - 2026-08-04 18.02.34/Sample_063 - 2026-08-04 18.02.34_L0_R00052_C00065_X167960_Y100672.jpg,E:\PHD\PhdData\Patologi afd. - Aalborg\40x Input tiles for CVAT\Sample_063 - 2026-08-04 18.02.34\Sample_063 - 2026-08-04 18.02.34_L0_R00052_C00065_X167960_Y100672.jpg,0.857585,219.172,52,65,7
Sample_064 - 2026-08-04 18.05.30,Sample_064 - 2026-08-04 18.05.30/Sample_064 - 2026-08-04 18.05.30_L0_R00000_C00021_X54264_Y0.jpg,E:\PHD\PhdData\Patologi afd. - Aalborg\40x Input tiles for CVAT\Sample_064 - 2026-08-04 18.05.30\Sample_064 - 2026-08-04 18.05.30_L0_R00000_C00021_X54264_Y0.jpg,0.0,142.88,0,21,0
Sample_064 - 2026-08-04 18.05.30,Sample_064 - 2026-08-04 18.05.30/Sample_064 - 2026-08-04 18.05.30_L0_R00015_C00049_X126616_Y29040.jpg,E:\PHD\PhdData\Patologi afd. - Aalborg\40x Input tiles for CVAT\Sample_064 - 2026-08-04 18.05.30\Sample_064 - 2026-08-04 18.05.30_L0_R00015_C00049_X126616_Y29040.jpg,0.0,234.329,15,49,1
Sample_064 - 2026-08-04 18.05.30,Sample_064 - 2026-08-04 18.05.30/Sample_064 - 2026-08-04 18.05.30_L0_R00025_C00042_X108528_Y48400.jpg,E:\PHD\PhdData\Patologi afd. - Aalborg\40x Input tiles for CVAT\Sample_064 - 2026-08-04 18.05.30\Sample_064 - 2026-08-04 18.05.30_L0_R00025_C00042_X108528_Y48400.jpg,0.0,222.802,25,42,2
Sample_064 - 2026-08-04 18.05.30,Sample_064 - 2026-08-04 18.05.30/Sample_064 - 2026-08-04 18.05.30_L0_R00034_C00039_X100776_Y65824.jpg,E:\PHD\PhdData\Patologi afd. - Aalborg\40x Input tiles for CVAT\Sample_064 - 2026-08-04 18.05.30\Sample_064 - 2026-08-04 18.05.30_L0_R00034_C00039_X100776_Y65824.jpg,0.0,204.304,34,39,3
Sample_064 - 2026-08-04 18.05.30,Sample_064 - 2026-08-04 18.05.30/Sample_064 - 2026-08-04 18.05.30_L0_R00043_C00035_X90440_Y83248.jpg,E:\PHD\PhdData\Patologi afd. - Aalborg\40x Input tiles for CVAT\Sample_064 - 2026-08-04 18.05.30\Sample_064 - 2026-08-04 18.05.30_L0_R00043_C00035_X90440_Y83248.jpg,0.0,221.838,43,35,4
Sample_064 - 2026-08-04 18.05.30,Sample_064 - 2026-08-04 18.05.30/Sample_064 - 2026-08-04 18.05.30_L0_R00007_C00050_X129200_Y13552.jpg,E:\PHD\PhdData\Patologi afd. - Aalborg\40x Input tiles for CVAT\Sample_064 - 2026-08-04 18.05.30\Sample_064 - 2026-08-04 18.05.30_L0_R00007_C00050_X129200_Y13552.jpg,6.1e-05,234.872,7,50,5
Sample_064 - 2026-08-04 18.05.30,Sample_064 - 2026-08-04 18.05.30/Sample_064 - 2026-08-04 18.05.30_L0_R00004_C00017_X43928_Y7744.jpg,E:\PHD\PhdData\Patologi afd. - Aalborg\40x Input tiles for CVAT\Sample_064 - 2026-08-04 18.05.30\Sample_064 - 2026-08-04 18.05.30_L0_R00004_C00017_X43928_Y7744.jpg,0.001241,234.152,4,17,6
Sample_064 - 2026-08-04 18.05.30,Sample_064 - 2026-08-04 18.05.30/Sample_064 - 2026-08-04 18.05.30_L0_R00052_C00065_X167960_Y100672.jpg,E:\PHD\PhdData\Patologi afd. - Aalborg\40x Input tiles for CVAT\Sample_064 - 2026-08-04 18.05.30\Sample_064 - 2026-08-04 18.05.30_L0_R00052_C00065_X167960_Y100672.jpg,0.857585,219.12,52,65,7
Sample_067 - 2026-08-04 18.13.25,Sample_067 - 2026-08-04 18.13.25/Sample_067 - 2026-08-04 18.13.25_L0_R00001_C00025_X64600_Y1936.jpg,E:\PHD\PhdData\Patologi afd. - Aalborg\40x Input tiles for CVAT\Sample_067 - 2026-08-04 18.13.25\Sample_067 - 2026-08-04 18.13.25_L0_R00001_C00025_X64600_Y1936.jpg,0.0,233.613,1,25,0
Sample_067 - 2026-08-04 18.13.25,Sample_067 - 2026-08-04 18.13.25/Sample_067 - 2026-08-04 18.13.25_L0_R00014_C00044_X113696_Y27104.jpg,E:\PHD\PhdData\Patologi afd. - Aalborg\40x Input tiles for CVAT\Sample_067 - 2026-08-04 18.13.25\Sample_067 - 2026-08-04 18.13.25_L0_R00014_C00044_X113696_Y27104.jpg,0.0,219.697,14,44,1
Sample_067 - 2026-08-04 18.13.25,Sample_067 - 2026-08-04 18.13.25/Sample_067 - 2026-08-04 18.13.25_L0_R00024_C00015_X38760_Y46464.jpg,E:\PHD\PhdData\Patologi afd. - Aalborg\40x Input tiles for CVAT\Sample_067 - 2026-08-04 18.13.25\Sample_067 - 2026-08-04 18.13.25_L0_R00024_C00015_X38760_Y46464.jpg,0.0,213.822,24,15,2
Sample_067 - 2026-08-04 18.13.25,Sample_067 - 2026-08-04 18.13.25/Sample_067 - 2026-08-04 18.13.25_L0_R00033_C00051_X131784_Y63888.jpg,E:\PHD\PhdData\Patologi afd. - Aalborg\40x Input tiles for CVAT\Sample_067 - 2026-08-04 18.13.25\Sample_067 - 2026-08-04 18.13.25_L0_R00033_C00051_X131784_Y63888.jpg,0.0,220.083,33,51,3
Sample_067 - 2026-08-04 18.13.25,Sample_067 - 2026-08-04 18.13.25/Sample_067 - 2026-08-04 18.13.25_L0_R00044_C00038_X98192_Y85184.jpg,E:\PHD\PhdData\Patologi afd. - Aalborg\40x Input tiles for CVAT\Sample_067 - 2026-08-04 18.13.25\Sample_067 - 2026-08-04 18.13.25_L0_R00044_C00038_X98192_Y85184.jpg,0.0,206.871,44,38,4
Sample_067 - 2026-08-04 18.13.25,Sample_067 - 2026-08-04 18.13.25/Sample_067 - 2026-08-04 18.13.25_L0_R00034_C00059_X152456_Y65824.jpg,E:\PHD\PhdData\Patologi afd. - Aalborg\40x Input tiles for CVAT\Sample_067 - 2026-08-04 18.13.25\Sample_067 - 2026-08-04 18.13.25_L0_R00034_C00059_X152456_Y65824.jpg,8.1e-05,234.867,34,59,5
Sample_067 - 2026-08-04 18.13.25,Sample_067 - 2026-08-04 18.13.25/Sample_067 - 2026-08-04 18.13.25_L0_R00008_C00011_X28424_Y15488.jpg,E:\PHD\PhdData\Patologi afd. - Aalborg\40x Input tiles for CVAT\Sample_067 - 2026-08-04 18.13.25\Sample_067 - 2026-08-04 18.13.25_L0_R00008_C00011_X28424_Y15488.jpg,0.001628,234.291,8,11,6
Sample_067 - 2026-08-04 18.13.25,Sample_067 - 2026-08-04 18.13.25/Sample_067 - 2026-08-04 18.13.25_L0_R00055_C00021_X54264_Y106480.jpg,E:\PHD\PhdData\Patologi afd. - Aalborg\40x Input tiles for CVAT\Sample_067 - 2026-08-04 18.13.25\Sample_067 - 2026-08-04 18.13.25_L0_R00055_C00021_X54264_Y106480.jpg,1.0,254.922,55,21,7
Sample_068 - 2026-08-04 18.16.22,Sample_068 - 2026-08-04 18.16.22/Sample_068 - 2026-08-04 18.16.22_L0_R00001_C00005_X12920_Y1936.jpg,E:\PHD\PhdData\Patologi afd. - Aalborg\40x Input tiles for CVAT\Sample_068 - 2026-08-04 18.16.22\Sample_068 - 2026-08-04 18.16.22_L0_R00001_C00005_X12920_Y1936.jpg,0.0,234.796,1,5,0
Sample_068 - 2026-08-04 18.16.22,Sample_068 - 2026-08-04 18.16.22/Sample_068 - 2026-08-04 18.16.22_L0_R00013_C00044_X113696_Y25168.jpg,E:\PHD\PhdData\Patologi afd. - Aalborg\40x Input tiles for CVAT\Sample_068 - 2026-08-04 18.16.22\Sample_068 - 2026-08-04 18.16.22_L0_R00013_C00044_X113696_Y25168.jpg,0.0,209.771,13,44,1
Sample_068 - 2026-08-04 18.16.22,Sample_068 - 2026-08-04 18.16.22/Sample_068 - 2026-08-04 18.16.22_L0_R00024_C00025_X64600_Y46464.jpg,E:\PHD\PhdData\Patologi afd. - Aalborg\40x Input tiles for CVAT\Sample_068 - 2026-08-04 18.16.22\Sample_068 - 2026-08-04 18.16.22_L0_R00024_C00025_X64600_Y46464.jpg,0.0,136.227,24,25,2
Sample_068 - 2026-08-04 18.16.22,Sample_068 - 2026-08-04 18.16.22/Sample_068 - 2026-08-04 18.16.22_L0_R00034_C00040_X103360_Y65824.jpg,E:\PHD\PhdData\Patologi afd. - Aalborg\40x Input tiles for CVAT\Sample_068 - 2026-08-04 18.16.22\Sample_068 - 2026-08-04 18.16.22_L0_R00034_C00040_X103360_Y65824.jpg,0.0,184.065,34,40,3
Sample_068 - 2026-08-04 18.16.22,Sample_068 - 2026-08-04 18.16.22/Sample_068 - 2026-08-04 18.16.22_L0_R00044_C00047_X121448_Y85184.jpg,E:\PHD\PhdData\Patologi afd. - Aalborg\40x Input tiles for CVAT\Sample_068 - 2026-08-04 18.16.22\Sample_068 - 2026-08-04 18.16.22_L0_R00044_C00047_X121448_Y85184.jpg,0.0,236.032,44,47,4
Sample_068 - 2026-08-04 18.16.22,Sample_068 - 2026-08-04 18.16.22/Sample_068 - 2026-08-04 18.16.22_L0_R00039_C00050_X129200_Y75504.jpg,E:\PHD\PhdData\Patologi afd. - Aalborg\40x Input tiles for CVAT\Sample_068 - 2026-08-04 18.16.22\Sample_068 - 2026-08-04 18.16.22_L0_R00039_C00050_X129200_Y75504.jpg,4.1e-05,235.636,39,50,5
Sample_068 - 2026-08-04 18.16.22,Sample_068 - 2026-08-04 18.16.22/Sample_068 - 2026-08-04 18.16.22_L0_R00015_C00004_X10336_Y29040.jpg,E:\PHD\PhdData\Patologi afd. - Aalborg\40x Input tiles for CVAT\Sample_068 - 2026-08-04 18.16.22\Sample_068 - 2026-08-04 18.16.22_L0_R00015_C00004_X10336_Y29040.jpg,0.00059,235.428,15,4,6
Sample_068 - 2026-08-04 18.16.22,Sample_068 - 2026-08-04 18.16.22/Sample_068 - 2026-08-04 18.16.22_L0_R00055_C00052_X134368_Y106480.jpg,E:\PHD\PhdData\Patologi afd. - Aalborg\40x Input tiles for CVAT\Sample_068 - 2026-08-04 18.16.22\Sample_068 - 2026-08-04 18.16.22_L0_R00055_C00052_X134368_Y106480.jpg,1.0,254.997,55,52,7
Sample_069 - 2026-08-04 18.18.46,Sample_069 - 2026-08-04 18.18.46/Sample_069 - 2026-08-04 18.18.46_L0_R00000_C00040_X103360_Y0.jpg,E:\PHD\PhdData\Patologi afd. - Aalborg\40x Input tiles for CVAT\Sample_069 - 2026-08-04 18.18.46\Sample_069 - 2026-08-04 18.18.46_L0_R00000_C00040_X103360_Y0.jpg,0.0,195.114,0,40,0
Sample_069 - 2026-08-04 18.18.46,Sample_069 - 2026-08-04 18.18.46/Sample_069 - 2026-08-04 18.18.46_L0_R00012_C00033_X85272_Y23232.jpg,E:\PHD\PhdData\Patologi afd. - Aalborg\40x Input tiles for CVAT\Sample_069 - 2026-08-04 18.18.46\Sample_069 - 2026-08-04 18.18.46_L0_R00012_C00033_X85272_Y23232.jpg,0.0,205.857,12,33,1
Sample_069 - 2026-08-04 18.18.46,Sample_069 - 2026-08-04 18.18.46/Sample_069 - 2026-08-04 18.18.46_L0_R00021_C00015_X38760_Y40656.jpg,E:\PHD\PhdData\Patologi afd. - Aalborg\40x Input tiles for CVAT\Sample_069 - 2026-08-04 18.18.46\Sample_069 - 2026-08-04 18.18.46_L0_R00021_C00015_X38760_Y40656.jpg,0.0,198.713,21,15,2
Sample_069 - 2026-08-04 18.18.46,Sample_069 - 2026-08-04 18.18.46/Sample_069 - 2026-08-04 18.18.46_L0_R00029_C00046_X118864_Y56144.jpg,E:\PHD\PhdData\Patologi afd. - Aalborg\40x Input tiles for CVAT\Sample_069 - 2026-08-04 18.18.46\Sample_069 - 2026-08-04 18.18.46_L0_R00029_C00046_X118864_Y56144.jpg,0.0,175.332,29,46,3
Sample_069 - 2026-08-04 18.18.46,Sample_069 - 2026-08-04 18.18.46/Sample_069 - 2026-08-04 18.18.46_L0_R00039_C00009_X23256_Y75504.jpg,E:\PHD\PhdData\Patologi afd. - Aalborg\40x Input tiles for CVAT\Sample_069 - 2026-08-04 18.18.46\Sample_069 - 2026-08-04 18.18.46_L0_R00039_C00009_X23256_Y75504.jpg,0.0,188.703,39,9,4
Sample_069 - 2026-08-04 18.18.46,Sample_069 - 2026-08-04 18.18.46/Sample_069 - 2026-08-04 18.18.46_L0_R00049_C00013_X33592_Y94864.jpg,E:\PHD\PhdData\Patologi afd. - Aalborg\40x Input tiles for CVAT\Sample_069 - 2026-08-04 18.18.46\Sample_069 - 2026-08-04 18.18.46_L0_R00049_C00013_X33592_Y94864.jpg,0.0,235.747,49,13,5
Sample_069 - 2026-08-04 18.18.46,Sample_069 - 2026-08-04 18.18.46/Sample_069 - 2026-08-04 18.18.46_L0_R00043_C00049_X126616_Y83248.jpg,E:\PHD\PhdData\Patologi afd. - Aalborg\40x Input tiles for CVAT\Sample_069 - 2026-08-04 18.18.46\Sample_069 - 2026-08-04 18.18.46_L0_R00043_C00049_X126616_Y83248.jpg,0.000244,236.011,43,49,6
Sample_069 - 2026-08-04 18.18.46,Sample_069 - 2026-08-04 18.18.46/Sample_069 - 2026-08-04 18.18.46_L0_R00055_C00053_X136952_Y106480.jpg,E:\PHD\PhdData\Patologi afd. - Aalborg\40x Input tiles for CVAT\Sample_069 - 2026-08-04 18.18.46\Sample_069 - 2026-08-04 18.18.46_L0_R00055_C00053_X136952_Y106480.jpg,1.0,254.943,55,53,7
Sample_070 - 2026-08-04 18.21.14,Sample_070 - 2026-08-04 18.21.14/Sample_070 - 2026-08-04 18.21.14_L0_R00000_C00000_X0_Y0.jpg,E:\PHD\PhdData\Patologi afd. - Aalborg\40x Input tiles for CVAT\Sample_070 - 2026-08-04 18.21.14\Sample_070 - 2026-08-04 18.21.14_L0_R00000_C00000_X0_Y0.jpg,0.0,232.51,0,0,0
Sample_070 - 2026-08-04 18.21.14,Sample_070 - 2026-08-04 18.21.14/Sample_070 - 2026-08-04 18.21.14_L0_R00007_C00025_X64600_Y13552.jpg,E:\PHD\PhdData\Patologi afd. - Aalborg\40x Input tiles for CVAT\Sample_070 - 2026-08-04 18.21.14\Sample_070 - 2026-08-04 18.21.14_L0_R00007_C00025_X64600_Y13552.jpg,0.0,233.627,7,25,1
Sample_070 - 2026-08-04 18.21.14,Sample_070 - 2026-08-04 18.21.14/Sample_070 - 2026-08-04 18.21.14_L0_R00014_C00014_X36176_Y27104.jpg,E:\PHD\PhdData\Patologi afd. - Aalborg\40x Input tiles for CVAT\Sample_070 - 2026-08-04 18.21.14\Sample_070 - 2026-08-04 18.21.14_L0_R00014_C00014_X36176_Y27104.jpg,0.0,218.565,14,14,2
Sample_070 - 2026-08-04 18.21.14,Sample_070 - 2026-08-04 18.21.14/Sample_070 - 2026-08-04 18.21.14_L0_R00021_C00005_X12920_Y40656.jpg,E:\PHD\PhdData\Patologi afd. - Aalborg\40x Input tiles for CVAT\Sample_070 - 2026-08-04 18.21.14\Sample_070 - 2026-08-04 18.21.14_L0_R00021_C00005_X12920_Y40656.jpg,0.0,233.325,21,5,3
Sample_070 - 2026-08-04 18.21.14,Sample_070 - 2026-08-04 18.21.14/Sample_070 - 2026-08-04 18.21.14_L0_R00027_C00009_X23256_Y52272.jpg,E:\PHD\PhdData\Patologi afd. - Aalborg\40x Input tiles for CVAT\Sample_070 - 2026-08-04 18.21.14\Sample_070 - 2026-08-04 18.21.14_L0_R00027_C00009_X23256_Y52272.jpg,0.0,232.577,27,9,4
Sample_070 - 2026-08-04 18.21.14,Sample_070 - 2026-08-04 18.21.14/Sample_070 - 2026-08-04 18.21.14_L0_R00033_C00018_X46512_Y63888.jpg,E:\PHD\PhdData\Patologi afd. - Aalborg\40x Input tiles for CVAT\Sample_070 - 2026-08-04 18.21.14\Sample_070 - 2026-08-04 18.21.14_L0_R00033_C00018_X46512_Y63888.jpg,0.0,234.165,33,18,5
Sample_070 - 2026-08-04 18.21.14,Sample_070 - 2026-08-04 18.21.14/Sample_070 - 2026-08-04 18.21.14_L0_R00029_C00021_X54264_Y56144.jpg,E:\PHD\PhdData\Patologi afd. - Aalborg\40x Input tiles for CVAT\Sample_070 - 2026-08-04 18.21.14\Sample_070 - 2026-08-04 18.21.14_L0_R00029_C00021_X54264_Y56144.jpg,8.1e-05,232.697,29,21,6
Sample_070 - 2026-08-04 18.21.14,Sample_070 - 2026-08-04 18.21.14/Sample_070 - 2026-08-04 18.21.14_L0_R00036_C00037_X95608_Y69696.jpg,E:\PHD\PhdData\Patologi afd. - Aalborg\40x Input tiles for CVAT\Sample_070 - 2026-08-04 18.21.14\Sample_070 - 2026-08-04 18.21.14_L0_R00036_C00037_X95608_Y69696.jpg,0.864319,252.161,36,37,7
Sample_074 - 2026-08-04 18.30.34,Sample_074 - 2026-08-04 18.30.34/Sample_074 - 2026-08-04 18.30.34_L0_R00000_C00067_X173128_Y0.jpg,E:\PHD\PhdData\Patologi afd. - Aalborg\40x Input tiles for CVAT\Sample_074 - 2026-08-04 18.30.34\Sample_074 - 2026-08-04 18.30.34_L0_R00000_C00067_X173128_Y0.jpg,0.0,0.268,0,67,0
Sample_074 - 2026-08-04 18.30.34,Sample_074 - 2026-08-04 18.30.34/Sample_074 - 2026-08-04 18.30.34_L0_R00015_C00016_X41344_Y29040.jpg,E:\PHD\PhdData\Patologi afd. - Aalborg\40x Input tiles for CVAT\Sample_074 - 2026-08-04 18.30.34\Sample_074 - 2026-08-04 18.30.34_L0_R00015_C00016_X41344_Y29040.jpg,0.0,232.909,15,16,1
Sample_074 - 2026-08-04 18.30.34,Sample_074 - 2026-08-04 18.30.34/Sample_074 - 2026-08-04 18.30.34_L0_R00026_C00010_X25840_Y50336.jpg,E:\PHD\PhdData\Patologi afd. - Aalborg\40x Input tiles for CVAT\Sample_074 - 2026-08-04 18.30.34\Sample_074 - 2026-08-04 18.30.34_L0_R00026_C00010_X25840_Y50336.jpg,0.0,234.325,26,10,2
Sample_074 - 2026-08-04 18.30.34,Sample_074 - 2026-08-04 18.30.34/Sample_074 - 2026-08-04 18.30.34_L0_R00037_C00025_X64600_Y71632.jpg,E:\PHD\PhdData\Patologi afd. - Aalborg\40x Input tiles for CVAT\Sample_074 - 2026-08-04 18.30.34\Sample_074 - 2026-08-04 18.30.34_L0_R00037_C00025_X64600_Y71632.jpg,0.0,220.508,37,25,3
Sample_074 - 2026-08-04 18.30.34,Sample_074 - 2026-08-04 18.30.34/Sample_074 - 2026-08-04 18.30.34_L0_R00049_C00025_X64600_Y94864.jpg,E:\PHD\PhdData\Patologi afd. - Aalborg\40x Input tiles for CVAT\Sample_074 - 2026-08-04 18.30.34\Sample_074 - 2026-08-04 18.30.34_L0_R00049_C00025_X64600_Y94864.jpg,0.0,229.222,49,25,4
Sample_074 - 2026-08-04 18.30.34,Sample_074 - 2026-08-04 18.30.34/Sample_074 - 2026-08-04 18.30.34_L0_R00051_C00014_X36176_Y98736.jpg,E:\PHD\PhdData\Patologi afd. - Aalborg\40x Input tiles for CVAT\Sample_074 - 2026-08-04 18.30.34\Sample_074 - 2026-08-04 18.30.34_L0_R00051_C00014_X36176_Y98736.jpg,0.000122,234.731,51,14,5
Sample_074 - 2026-08-04 18.30.34,Sample_074 - 2026-08-04 18.30.34/Sample_074 - 2026-08-04 18.30.34_L0_R00047_C00006_X15504_Y90992.jpg,E:\PHD\PhdData\Patologi afd. - Aalborg\40x Input tiles for CVAT\Sample_074 - 2026-08-04 18.30.34\Sample_074 - 2026-08-04 18.30.34_L0_R00047_C00006_X15504_Y90992.jpg,0.000936,235.112,47,6,6
Sample_074 - 2026-08-04 18.30.34,Sample_074 - 2026-08-04 18.30.34/Sample_074 - 2026-08-04 18.30.34_L0_R00052_C00068_X175712_Y100672.jpg,E:\PHD\PhdData\Patologi afd. - Aalborg\40x Input tiles for CVAT\Sample_074 - 2026-08-04 18.30.34\Sample_074 - 2026-08-04 18.30.34_L0_R00052_C00068_X175712_Y100672.jpg,0.867554,221.707,52,68,7
Sample_077 - 2026-08-04 18.37.23,Sample_077 - 2026-08-04 18.37.23/Sample_077 - 2026-08-04 18.37.23_L0_R00000_C00000_X0_Y0.jpg,E:\PHD\PhdData\Patologi afd. - Aalborg\40x Input tiles for CVAT\Sample_077 - 2026-08-04 18.37.23\Sample_077 - 2026-08-04 18.37.23_L0_R00000_C00000_X0_Y0.jpg,0.0,234.852,0,0,0
Sample_077 - 2026-08-04 18.37.23,Sample_077 - 2026-08-04 18.37.23/Sample_077 - 2026-08-04 18.37.23_L0_R00010_C00038_X98192_Y19360.jpg,E:\PHD\PhdData\Patologi afd. - Aalborg\40x Input tiles for CVAT\Sample_077 - 2026-08-04 18.37.23\Sample_077 - 2026-08-04 18.37.23_L0_R00010_C00038_X98192_Y19360.jpg,0.0,217.263,10,38,1
Sample_077 - 2026-08-04 18.37.23,Sample_077 - 2026-08-04 18.37.23/Sample_077 - 2026-08-04 18.37.23_L0_R00018_C00027_X69768_Y34848.jpg,E:\PHD\PhdData\Patologi afd. - Aalborg\40x Input tiles for CVAT\Sample_077 - 2026-08-04 18.37.23\Sample_077 - 2026-08-04 18.37.23_L0_R00018_C00027_X69768_Y34848.jpg,0.0,188.785,18,27,2
Sample_077 - 2026-08-04 18.37.23,Sample_077 - 2026-08-04 18.37.23/Sample_077 - 2026-08-04 18.37.23_L0_R00025_C00043_X111112_Y48400.jpg,E:\PHD\PhdData\Patologi afd. - Aalborg\40x Input tiles for CVAT\Sample_077 - 2026-08-04 18.37.23\Sample_077 - 2026-08-04 18.37.23_L0_R00025_C00043_X111112_Y48400.jpg,0.0,114.249,25,43,3
Sample_077 - 2026-08-04 18.37.23,Sample_077 - 2026-08-04 18.37.23/Sample_077 - 2026-08-04 18.37.23_L0_R00033_C00037_X95608_Y63888.jpg,E:\PHD\PhdData\Patologi afd. - Aalborg\40x Input tiles for CVAT\Sample_077 - 2026-08-04 18.37.23\Sample_077 - 2026-08-04 18.37.23_L0_R00033_C00037_X95608_Y63888.jpg,0.0,197.485,33,37,4
Sample_077 - 2026-08-04 18.37.23,Sample_077 - 2026-08-04 18.37.23/Sample_077 - 2026-08-04 18.37.23_L0_R00016_C00037_X95608_Y30976.jpg,E:\PHD\PhdData\Patologi afd. - Aalborg\40x Input tiles for CVAT\Sample_077 - 2026-08-04 18.37.23\Sample_077 - 2026-08-04 18.37.23_L0_R00016_C00037_X95608_Y30976.jpg,2e-05,164.262,16,37,5
Sample_077 - 2026-08-04 18.37.23,Sample_077 - 2026-08-04 18.37.23/Sample_077 - 2026-08-04 18.37.23_L0_R00038_C00001_X2584_Y73568.jpg,E:\PHD\PhdData\Patologi afd. - Aalborg\40x Input tiles for CVAT\Sample_077 - 2026-08-04 18.37.23\Sample_077 - 2026-08-04 18.37.23_L0_R00038_C00001_X2584_Y73568.jpg,0.000407,235.315,38,1,6
Sample_077 - 2026-08-04 18.37.23,Sample_077 - 2026-08-04 18.37.23/Sample_077 - 2026-08-04 18.37.23_L0_R00046_C00062_X160208_Y89056.jpg,E:\PHD\PhdData\Patologi afd. - Aalborg\40x Input tiles for CVAT\Sample_077 - 2026-08-04 18.37.23\Sample_077 - 2026-08-04 18.37.23_L0_R00046_C00062_X160208_Y89056.jpg,1.0,255.0,46,62,7
Sample_078 - 2026-08-04 18.40.05,Sample_078 - 2026-08-04 18.40.05/Sample_078 - 2026-08-04 18.40.05_L0_R00000_C00001_X2584_Y0.jpg,E:\PHD\PhdData\Patologi afd. - Aalborg\40x Input tiles for CVAT\Sample_078 - 2026-08-04 18.40.05\Sample_078 - 2026-08-04 18.40.05_L0_R00000_C00001_X2584_Y0.jpg,0.0,236.131,0,1,0
Sample_078 - 2026-08-04 18.40.05,Sample_078 - 2026-08-04 18.40.05/Sample_078 - 2026-08-04 18.40.05_L0_R00016_C00013_X33592_Y30976.jpg,E:\PHD\PhdData\Patologi afd. - Aalborg\40x Input tiles for CVAT\Sample_078 - 2026-08-04 18.40.05\Sample_078 - 2026-08-04 18.40.05_L0_R00016_C00013_X33592_Y30976.jpg,0.0,225.57,16,13,1
Sample_078 - 2026-08-04 18.40.05,Sample_078 - 2026-08-04 18.40.05/Sample_078 - 2026-08-04 18.40.05_L0_R00027_C00013_X33592_Y52272.jpg,E:\PHD\PhdData\Patologi afd. - Aalborg\40x Input tiles for CVAT\Sample_078 - 2026-08-04 18.40.05\Sample_078 - 2026-08-04 18.40.05_L0_R00027_C00013_X33592_Y52272.jpg,0.0,215.233,27,13,2
Sample_078 - 2026-08-04 18.40.05,Sample_078 - 2026-08-04 18.40.05/Sample_078 - 2026-08-04 18.40.05_L0_R00036_C00046_X118864_Y69696.jpg,E:\PHD\PhdData\Patologi afd. - Aalborg\40x Input tiles for CVAT\Sample_078 - 2026-08-04 18.40.05\Sample_078 - 2026-08-04 18.40.05_L0_R00036_C00046_X118864_Y69696.jpg,0.0,219.21,36,46,3
Sample_078 - 2026-08-04 18.40.05,Sample_078 - 2026-08-04 18.40.05/Sample_078 - 2026-08-04 18.40.05_L0_R00046_C00034_X87856_Y89056.jpg,E:\PHD\PhdData\Patologi afd. - Aalborg\40x Input tiles for CVAT\Sample_078 - 2026-08-04 18.40.05\Sample_078 - 2026-08-04 18.40.05_L0_R00046_C00034_X87856_Y89056.jpg,0.0,204.515,46,34,4
Sample_078 - 2026-08-04 18.40.05,Sample_078 - 2026-08-04 18.40.05/Sample_078 - 2026-08-04 18.40.05_L0_R00019_C00047_X121448_Y36784.jpg,E:\PHD\PhdData\Patologi afd. - Aalborg\40x Input tiles for CVAT\Sample_078 - 2026-08-04 18.40.05\Sample_078 - 2026-08-04 18.40.05_L0_R00019_C00047_X121448_Y36784.jpg,8.1e-05,226.678,19,47,5
Sample_078 - 2026-08-04 18.40.05,Sample_078 - 2026-08-04 18.40.05/Sample_078 - 2026-08-04 18.40.05_L0_R00029_C00042_X108528_Y56144.jpg,E:\PHD\PhdData\Patologi afd. - Aalborg\40x Input tiles for CVAT\Sample_078 - 2026-08-04 18.40.05\Sample_078 - 2026-08-04 18.40.05_L0_R00029_C00042_X108528_Y56144.jpg,0.00059,197.776,29,42,6
Sample_078 - 2026-08-04 18.40.05,Sample_078 - 2026-08-04 18.40.05/Sample_078 - 2026-08-04 18.40.05_L0_R00053_C00015_X38760_Y102608.jpg,E:\PHD\PhdData\Patologi afd. - Aalborg\40x Input tiles for CVAT\Sample_078 - 2026-08-04 18.40.05\Sample_078 - 2026-08-04 18.40.05_L0_R00053_C00015_X38760_Y102608.jpg,0.924723,252.891,53,15,7
Sample_079 - 2026-08-04 18.42.57,Sample_079 - 2026-08-04 18.42.57/Sample_079 - 2026-08-04 18.42.57_L0_R00000_C00070_X180880_Y0.jpg,E:\PHD\PhdData\Patologi afd. - Aalborg\40x Input tiles for CVAT\Sample_079 - 2026-08-04 18.42.57\Sample_079 - 2026-08-04 18.42.57_L0_R00000_C00070_X180880_Y0.jpg,0.0,0.593,0,70,0
Sample_079 - 2026-08-04 18.42.57,Sample_079 - 2026-08-04 18.42.57/Sample_079 - 2026-08-04 18.42.57_L0_R00015_C00001_X2584_Y29040.jpg,E:\PHD\PhdData\Patologi afd. - Aalborg\40x Input tiles for CVAT\Sample_079 - 2026-08-04 18.42.57\Sample_079 - 2026-08-04 18.42.57_L0_R00015_C00001_X2584_Y29040.jpg,0.0,10.482,15,1,1
Sample_079 - 2026-08-04 18.42.57,Sample_079 - 2026-08-04 18.42.57/Sample_079 - 2026-08-04 18.42.57_L0_R00024_C00070_X180880_Y46464.jpg,E:\PHD\PhdData\Patologi afd. - Aalborg\40x Input tiles for CVAT\Sample_079 - 2026-08-04 18.42.57\Sample_079 - 2026-08-04 18.42.57_L0_R00024_C00070_X180880_Y46464.jpg,0.0,233.223,24,70,2
Sample_079 - 2026-08-04 18.42.57,Sample_079 - 2026-08-04 18.42.57/Sample_079 - 2026-08-04 18.42.57_L0_R00034_C00040_X103360_Y65824.jpg,E:\PHD\PhdData\Patologi afd. - Aalborg\40x Input tiles for CVAT\Sample_079 - 2026-08-04 18.42.57\Sample_079 - 2026-08-04 18.42.57_L0_R00034_C00040_X103360_Y65824.jpg,0.0,139.314,34,40,3
Sample_079 - 2026-08-04 18.42.57,Sample_079 - 2026-08-04 18.42.57/Sample_079 - 2026-08-04 18.42.57_L0_R00044_C00003_X7752_Y85184.jpg,E:\PHD\PhdData\Patologi afd. - Aalborg\40x Input tiles for CVAT\Sample_079 - 2026-08-04 18.42.57\Sample_079 - 2026-08-04 18.42.57_L0_R00044_C00003_X7752_Y85184.jpg,0.0,8.79,44,3,4
Sample_079 - 2026-08-04 18.42.57,Sample_079 - 2026-08-04 18.42.57/Sample_079 - 2026-08-04 18.42.57_L0_R00047_C00059_X152456_Y90992.jpg,E:\PHD\PhdData\Patologi afd. - Aalborg\40x Input tiles for CVAT\Sample_079 - 2026-08-04 18.42.57\Sample_079 - 2026-08-04 18.42.57_L0_R00047_C00059_X152456_Y90992.jpg,4.1e-05,234.256,47,59,5
Sample_079 - 2026-08-04 18.42.57,Sample_079 - 2026-08-04 18.42.57/Sample_079 - 2026-08-04 18.42.57_L0_R00051_C00060_X155040_Y98736.jpg,E:\PHD\PhdData\Patologi afd. - Aalborg\40x Input tiles for CVAT\Sample_079 - 2026-08-04 18.42.57\Sample_079 - 2026-08-04 18.42.57_L0_R00051_C00060_X155040_Y98736.jpg,0.000814,234.303,51,60,6
Sample_079 - 2026-08-04 18.42.57,Sample_079 - 2026-08-04 18.42.57/Sample_079 - 2026-08-04 18.42.57_L0_R00055_C00060_X155040_Y106480.jpg,E:\PHD\PhdData\Patologi afd. - Aalborg\40x Input tiles for CVAT\Sample_079 - 2026-08-04 18.42.57\Sample_079 - 2026-08-04 18.42.57_L0_R00055_C00060_X155040_Y106480.jpg,1.0,254.843,55,60,7
Sample_080 - 2026-08-04 18.45.53,Sample_080 - 2026-08-04 18.45.53/Sample_080 - 2026-08-04 18.45.53_L0_R00001_C00030_X77520_Y1936.jpg,E:\PHD\PhdData\Patologi afd. - Aalborg\40x Input tiles for CVAT\Sample_080 - 2026-08-04 18.45.53\Sample_080 - 2026-08-04 18.45.53_L0_R00001_C00030_X77520_Y1936.jpg,0.0,235.699,1,30,0
Sample_080 - 2026-08-04 18.45.53,Sample_080 - 2026-08-04 18.45.53/Sample_080 - 2026-08-04 18.45.53_L0_R00017_C00018_X46512_Y32912.jpg,E:\PHD\PhdData\Patologi afd. - Aalborg\40x Input tiles for CVAT\Sample_080 - 2026-08-04 18.45.53\Sample_080 - 2026-08-04 18.45.53_L0_R00017_C00018_X46512_Y32912.jpg,0.0,214.178,17,18,1
Sample_080 - 2026-08-04 18.45.53,Sample_080 - 2026-08-04 18.45.53/Sample_080 - 2026-08-04 18.45.53_L0_R00028_C00043_X111112_Y54208.jpg,E:\PHD\PhdData\Patologi afd. - Aalborg\40x Input tiles for CVAT\Sample_080 - 2026-08-04 18.45.53\Sample_080 - 2026-08-04 18.45.53_L0_R00028_C00043_X111112_Y54208.jpg,0.0,221.083,28,43,2
Sample_080 - 2026-08-04 18.45.53,Sample_080 - 2026-08-04 18.45.53/Sample_080 - 2026-08-04 18.45.53_L0_R00039_C00039_X100776_Y75504.jpg,E:\PHD\PhdData\Patologi afd. - Aalborg\40x Input tiles for CVAT\Sample_080 - 2026-08-04 18.45.53\Sample_080 - 2026-08-04 18.45.53_L0_R00039_C00039_X100776_Y75504.jpg,0.0,214.792,39,39,3
Sample_080 - 2026-08-04 18.45.53,Sample_080 - 2026-08-04 18.45.53/Sample_080 - 2026-08-04 18.45.53_L0_R00048_C00054_X139536_Y92928.jpg,E:\PHD\PhdData\Patologi afd. - Aalborg\40x Input tiles for CVAT\Sample_080 - 2026-08-04 18.45.53\Sample_080 - 2026-08-04 18.45.53_L0_R00048_C00054_X139536_Y92928.jpg,4.1e-05,236.194,48,54,4
Sample_080 - 2026-08-04 18.45.53,Sample_080 - 2026-08-04 18.45.53/Sample_080 - 2026-08-04 18.45.53_L0_R00027_C00003_X7752_Y52272.jpg,E:\PHD\PhdData\Patologi afd. - Aalborg\40x Input tiles for CVAT\Sample_080 - 2026-08-04 18.45.53\Sample_080 - 2026-08-04 18.45.53_L0_R00027_C00003_X7752_Y52272.jpg,0.000326,219.956,27,3,5
Sample_080 - 2026-08-04 18.45.53,Sample_080 - 2026-08-04 18.45.53/Sample_080 - 2026-08-04 18.45.53_L0_R00001_C00004_X10336_Y1936.jpg,E:\PHD\PhdData\Patologi afd. - Aalborg\40x Input tiles for CVAT\Sample_080 - 2026-08-04 18.45.53\Sample_080 - 2026-08-04 18.45.53_L0_R00001_C00004_X10336_Y1936.jpg,0.001567,235.545,1,4,6
Sample_080 - 2026-08-04 18.45.53,Sample_080 - 2026-08-04 18.45.53/Sample_080 - 2026-08-04 18.45.53_L0_R00000_C00056_X144704_Y0.jpg,E:\PHD\PhdData\Patologi afd. - Aalborg\40x Input tiles for CVAT\Sample_080 - 2026-08-04 18.45.53\Sample_080 - 2026-08-04 18.45.53_L0_R00000_C00056_X144704_Y0.jpg,0.815715,230.448,0,56,7
Sample_081 - 2026-08-04 18.48.38,Sample_081 - 2026-08-04 18.48.38/Sample_081 - 2026-08-04 18.48.38_L0_R00000_C00022_X56848_Y0.jpg,E:\PHD\PhdData\Patologi afd. - Aalborg\40x Input tiles for CVAT\Sample_081 - 2026-08-04 18.48.38\Sample_081 - 2026-08-04 18.48.38_L0_R00000_C00022_X56848_Y0.jpg,0.0,235.297,0,22,0
Sample_081 - 2026-08-04 18.48.38,Sample_081 - 2026-08-04 18.48.38/Sample_081 - 2026-08-04 18.48.38_L0_R00014_C00000_X0_Y27104.jpg,E:\PHD\PhdData\Patologi afd. - Aalborg\40x Input tiles for CVAT\Sample_081 - 2026-08-04 18.48.38\Sample_081 - 2026-08-04 18.48.38_L0_R00014_C00000_X0_Y27104.jpg,0.0,235.958,14,0,1
Sample_081 - 2026-08-04 18.48.38,Sample_081 - 2026-08-04 18.48.38/Sample_081 - 2026-08-04 18.48.38_L0_R00023_C00014_X36176_Y44528.jpg,E:\PHD\PhdData\Patologi afd. - Aalborg\40x Input tiles for CVAT\Sample_081 - 2026-08-04 18.48.38\Sample_081 - 2026-08-04 18.48.38_L0_R00023_C00014_X36176_Y44528.jpg,0.0,228.92,23,14,2
Sample_081 - 2026-08-04 18.48.38,Sample_081 - 2026-08-04 18.48.38/Sample_081 - 2026-08-04 18.48.38_L0_R00032_C00034_X87856_Y61952.jpg,E:\PHD\PhdData\Patologi afd. - Aalborg\40x Input tiles for CVAT\Sample_081 - 2026-08-04 18.48.38\Sample_081 - 2026-08-04 18.48.38_L0_R00032_C00034_X87856_Y61952.jpg,0.0,213.826,32,34,3
Sample_081 - 2026-08-04 18.48.38,Sample_081 - 2026-08-04 18.48.38/Sample_081 - 2026-08-04 18.48.38_L0_R00041_C00052_X134368_Y79376.jpg,E:\PHD\PhdData\Patologi afd. - Aalborg\40x Input tiles for CVAT\Sample_081 - 2026-08-04 18.48.38\Sample_081 - 2026-08-04 18.48.38_L0_R00041_C00052_X134368_Y79376.jpg,0.0,206.115,41,52,4
Sample_081 - 2026-08-04 18.48.38,Sample_081 - 2026-08-04 18.48.38/Sample_081 - 2026-08-04 18.48.38_L0_R00014_C00033_X85272_Y27104.jpg,E:\PHD\PhdData\Patologi afd. - Aalborg\40x Input tiles for CVAT\Sample_081 - 2026-08-04 18.48.38\Sample_081 - 2026-08-04 18.48.38_L0_R00014_C00033_X85272_Y27104.jpg,8.1e-05,219.072,14,33,5
Sample_081 - 2026-08-04 18.48.38,Sample_081 - 2026-08-04 18.48.38/Sample_081 - 2026-08-04 18.48.38_L0_R00049_C00041_X105944_Y94864.jpg,E:\PHD\PhdData\Patologi afd. - Aalborg\40x Input tiles for CVAT\Sample_081 - 2026-08-04 18.48.38\Sample_081 - 2026-08-04 18.48.38_L0_R00049_C00041_X105944_Y94864.jpg,0.000549,235.745,49,41,6
Sample_081 - 2026-08-04 18.48.38,Sample_081 - 2026-08-04 18.48.38/Sample_081 - 2026-08-04 18.48.38_L0_R00052_C00041_X105944_Y100672.jpg,E:\PHD\PhdData\Patologi afd. - Aalborg\40x Input tiles for CVAT\Sample_081 - 2026-08-04 18.48.38\Sample_081 - 2026-08-04 18.48.38_L0_R00052_C00041_X105944_Y100672.jpg,0.94987,252.968,52,41,7
Sample_083 - 2026-08-04 18.51.27,Sample_083 - 2026-08-04 18.51.27/Sample_083 - 2026-08-04 18.51.27_L0_R00000_C00059_X152456_Y0.jpg,E:\PHD\PhdData\Patologi afd. - Aalborg\40x Input tiles for CVAT\Sample_083 - 2026-08-04 18.51.27\Sample_083 - 2026-08-04 18.51.27_L0_R00000_C00059_X152456_Y0.jpg,0.0,21.091,0,59,0
Sample_083 - 2026-08-04 18.51.27,Sample_083 - 2026-08-04 18.51.27/Sample_083 - 2026-08-04 18.51.27_L0_R00015_C00059_X152456_Y29040.jpg,E:\PHD\PhdData\Patologi afd. - Aalborg\40x Input tiles for CVAT\Sample_083 - 2026-08-04 18.51.27\Sample_083 - 2026-08-04 18.51.27_L0_R00015_C00059_X152456_Y29040.jpg,0.0,210.893,15,59,1
Sample_083 - 2026-08-04 18.51.27,Sample_083 - 2026-08-04 18.51.27/Sample_083 - 2026-08-04 18.51.27_L0_R00026_C00041_X105944_Y50336.jpg,E:\PHD\PhdData\Patologi afd. - Aalborg\40x Input tiles for CVAT\Sample_083 - 2026-08-04 18.51.27\Sample_083 - 2026-08-04 18.51.27_L0_R00026_C00041_X105944_Y50336.jpg,0.0,224.435,26,41,2
Sample_083 - 2026-08-04 18.51.27,Sample_083 - 2026-08-04 18.51.27/Sample_083 - 2026-08-04 18.51.27_L0_R00038_C00008_X20672_Y73568.jpg,E:\PHD\PhdData\Patologi afd. - Aalborg\40x Input tiles for CVAT\Sample_083 - 2026-08-04 18.51.27\Sample_083 - 2026-08-04 18.51.27_L0_R00038_C00008_X20672_Y73568.jpg,0.0,235.73,38,8,3
Sample_083 - 2026-08-04 18.51.27,Sample_083 - 2026-08-04 18.51.27/Sample_083 - 2026-08-04 18.51.27_L0_R00031_C00028_X72352_Y60016.jpg,E:\PHD\PhdData\Patologi afd. - Aalborg\40x Input tiles for CVAT\Sample_083 - 2026-08-04 18.51.27\Sample_083 - 2026-08-04 18.51.27_L0_R00031_C00028_X72352_Y60016.jpg,2e-05,220.625,31,28,4
Sample_083 - 2026-08-04 18.51.27,Sample_083 - 2026-08-04 18.51.27/Sample_083 - 2026-08-04 18.51.27_L0_R00012_C00047_X121448_Y23232.jpg,E:\PHD\PhdData\Patologi afd. - Aalborg\40x Input tiles for CVAT\Sample_083 - 2026-08-04 18.51.27\Sample_083 - 2026-08-04 18.51.27_L0_R00012_C00047_X121448_Y23232.jpg,0.000224,185.261,12,47,5
Sample_083 - 2026-08-04 18.51.27,Sample_083 - 2026-08-04 18.51.27/Sample_083 - 2026-08-04 18.51.27_L0_R00001_C00051_X131784_Y1936.jpg,E:\PHD\PhdData\Patologi afd. - Aalborg\40x Input tiles for CVAT\Sample_083 - 2026-08-04 18.51.27\Sample_083 - 2026-08-04 18.51.27_L0_R00001_C00051_X131784_Y1936.jpg,0.001261,231.643,1,51,6
Sample_083 - 2026-08-04 18.51.27,Sample_083 - 2026-08-04 18.51.27/Sample_083 - 2026-08-04 18.51.27_L0_R00055_C00057_X147288_Y106480.jpg,E:\PHD\PhdData\Patologi afd. - Aalborg\40x Input tiles for CVAT\Sample_083 - 2026-08-04 18.51.27\Sample_083 - 2026-08-04 18.51.27_L0_R00055_C00057_X147288_Y106480.jpg,1.0,254.991,55,57,7
Sample_086 - 2026-08-04 18.56.21,Sample_086 - 2026-08-04 18.56.21/Sample_086 - 2026-08-04 18.56.21_L0_R00000_C00026_X67184_Y0.jpg,E:\PHD\PhdData\Patologi afd. - Aalborg\40x Input tiles for CVAT\Sample_086 - 2026-08-04 18.56.21\Sample_086 - 2026-08-04 18.56.21_L0_R00000_C00026_X67184_Y0.jpg,0.0,234.531,0,26,0
Sample_086 - 2026-08-04 18.56.21,Sample_086 - 2026-08-04 18.56.21/Sample_086 - 2026-08-04 18.56.21_L0_R00013_C00036_X93024_Y25168.jpg,E:\PHD\PhdData\Patologi afd. - Aalborg\40x Input tiles for CVAT\Sample_086 - 2026-08-04 18.56.21\Sample_086 - 2026-08-04 18.56.21_L0_R00013_C00036_X93024_Y25168.jpg,0.0,225.339,13,36,1
Sample_086 - 2026-08-04 18.56.21,Sample_086 - 2026-08-04 18.56.21/Sample_086 - 2026-08-04 18.56.21_L0_R00022_C00041_X105944_Y42592.jpg,E:\PHD\PhdData\Patologi afd. - Aalborg\40x Input tiles for CVAT\Sample_086 - 2026-08-04 18.56.21\Sample_086 - 2026-08-04 18.56.21_L0_R00022_C00041_X105944_Y42592.jpg,0.0,232.012,22,41,2
Sample_086 - 2026-08-04 18.56.21,Sample_086 - 2026-08-04 18.56.21/Sample_086 - 2026-08-04 18.56.21_L0_R00031_C00050_X129200_Y60016.jpg,E:\PHD\PhdData\Patologi afd. - Aalborg\40x Input tiles for CVAT\Sample_086 - 2026-08-04 18.56.21\Sample_086 - 2026-08-04 18.56.21_L0_R00031_C00050_X129200_Y60016.jpg,0.0,220.661,31,50,3
Sample_086 - 2026-08-04 18.56.21,Sample_086 - 2026-08-04 18.56.21/Sample_086 - 2026-08-04 18.56.21_L0_R00040_C00034_X87856_Y77440.jpg,E:\PHD\PhdData\Patologi afd. - Aalborg\40x Input tiles for CVAT\Sample_086 - 2026-08-04 18.56.21\Sample_086 - 2026-08-04 18.56.21_L0_R00040_C00034_X87856_Y77440.jpg,0.0,232.685,40,34,4
Sample_086 - 2026-08-04 18.56.21,Sample_086 - 2026-08-04 18.56.21/Sample_086 - 2026-08-04 18.56.21_L0_R00048_C00006_X15504_Y92928.jpg,E:\PHD\PhdData\Patologi afd. - Aalborg\40x Input tiles for CVAT\Sample_086 - 2026-08-04 18.56.21\Sample_086 - 2026-08-04 18.56.21_L0_R00048_C00006_X15504_Y92928.jpg,2e-05,235.066,48,6,5
Sample_086 - 2026-08-04 18.56.21,Sample_086 - 2026-08-04 18.56.21/Sample_086 - 2026-08-04 18.56.21_L0_R00001_C00037_X95608_Y1936.jpg,E:\PHD\PhdData\Patologi afd. - Aalborg\40x Input tiles for CVAT\Sample_086 - 2026-08-04 18.56.21\Sample_086 - 2026-08-04 18.56.21_L0_R00001_C00037_X95608_Y1936.jpg,0.000264,235.448,1,37,6
Sample_086 - 2026-08-04 18.56.21,Sample_086 - 2026-08-04 18.56.21/Sample_086 - 2026-08-04 18.56.21_L0_R00000_C00000_X0_Y0.jpg,E:\PHD\PhdData\Patologi afd. - Aalborg\40x Input tiles for CVAT\Sample_086 - 2026-08-04 18.56.21\Sample_086 - 2026-08-04 18.56.21_L0_R00000_C00000_X0_Y0.jpg,0.084961,236.285,0,0,7
Sample_088 - 2026-08-04 19.01.08,Sample_088 - 2026-08-04 19.01.08/Sample_088 - 2026-08-04 19.01.08_L0_R00000_C00005_X12920_Y0.jpg,E:\PHD\PhdData\Patologi afd. - Aalborg\40x Input tiles for CVAT\Sample_088 - 2026-08-04 19.01.08\Sample_088 - 2026-08-04 19.01.08_L0_R00000_C00005_X12920_Y0.jpg,0.0,236.138,0,5,0
Sample_088 - 2026-08-04 19.01.08,Sample_088 - 2026-08-04 19.01.08/Sample_088 - 2026-08-04 19.01.08_L0_R00012_C00026_X67184_Y23232.jpg,E:\PHD\PhdData\Patologi afd. - Aalborg\40x Input tiles for CVAT\Sample_088 - 2026-08-04 19.01.08\Sample_088 - 2026-08-04 19.01.08_L0_R00012_C00026_X67184_Y23232.jpg,0.0,231.403,12,26,1
Sample_088 - 2026-08-04 19.01.08,Sample_088 - 2026-08-04 19.01.08/Sample_088 - 2026-08-04 19.01.08_L0_R00022_C00008_X20672_Y42592.jpg,E:\PHD\PhdData\Patologi afd. - Aalborg\40x Input tiles for CVAT\Sample_088 - 2026-08-04 19.01.08\Sample_088 - 2026-08-04 19.01.08_L0_R00022_C00008_X20672_Y42592.jpg,0.0,231.158,22,8,2
Sample_088 - 2026-08-04 19.01.08,Sample_088 - 2026-08-04 19.01.08/Sample_088 - 2026-08-04 19.01.08_L0_R00030_C00055_X142120_Y58080.jpg,E:\PHD\PhdData\Patologi afd. - Aalborg\40x Input tiles for CVAT\Sample_088 - 2026-08-04 19.01.08\Sample_088 - 2026-08-04 19.01.08_L0_R00030_C00055_X142120_Y58080.jpg,0.0,191.376,30,55,3
Sample_088 - 2026-08-04 19.01.08,Sample_088 - 2026-08-04 19.01.08/Sample_088 - 2026-08-04 19.01.08_L0_R00040_C00022_X56848_Y77440.jpg,E:\PHD\PhdData\Patologi afd. - Aalborg\40x Input tiles for CVAT\Sample_088 - 2026-08-04 19.01.08\Sample_088 - 2026-08-04 19.01.08_L0_R00040_C00022_X56848_Y77440.jpg,0.0,232.885,40,22,4
Sample_088 - 2026-08-04 19.01.08,Sample_088 - 2026-08-04 19.01.08/Sample_088 - 2026-08-04 19.01.08_L0_R00007_C00057_X147288_Y13552.jpg,E:\PHD\PhdData\Patologi afd. - Aalborg\40x Input tiles for CVAT\Sample_088 - 2026-08-04 19.01.08\Sample_088 - 2026-08-04 19.01.08_L0_R00007_C00057_X147288_Y13552.jpg,6.1e-05,236.006,7,57,5
Sample_088 - 2026-08-04 19.01.08,Sample_088 - 2026-08-04 19.01.08/Sample_088 - 2026-08-04 19.01.08_L0_R00026_C00055_X142120_Y50336.jpg,E:\PHD\PhdData\Patologi afd. - Aalborg\40x Input tiles for CVAT\Sample_088 - 2026-08-04 19.01.08\Sample_088 - 2026-08-04 19.01.08_L0_R00026_C00055_X142120_Y50336.jpg,0.000305,230.994,26,55,6
Sample_088 - 2026-08-04 19.01.08,Sample_088 - 2026-08-04 19.01.08/Sample_088 - 2026-08-04 19.01.08_L0_R00047_C00060_X155040_Y90992.jpg,E:\PHD\PhdData\Patologi afd. - Aalborg\40x Input tiles for CVAT\Sample_088 - 2026-08-04 19.01.08\Sample_088 - 2026-08-04 19.01.08_L0_R00047_C00060_X155040_Y90992.jpg,0.438314,112.132,47,60,7
Sample_089 - 2026-08-04 19.03.57,Sample_089 - 2026-08-04 19.03.57/Sample_089 - 2026-08-04 19.03.57_L0_R00000_C00007_X18088_Y0.jpg,E:\PHD\PhdData\Patologi afd. - Aalborg\40x Input tiles for CVAT\Sample_089 - 2026-08-04 19.03.57\Sample_089 - 2026-08-04 19.03.57_L0_R00000_C00007_X18088_Y0.jpg,0.0,235.897,0,7,0
Sample_089 - 2026-08-04 19.03.57,Sample_089 - 2026-08-04 19.03.57/Sample_089 - 2026-08-04 19.03.57_L0_R00016_C00003_X7752_Y30976.jpg,E:\PHD\PhdData\Patologi afd. - Aalborg\40x Input tiles for CVAT\Sample_089 - 2026-08-04 19.03.57\Sample_089 - 2026-08-04 19.03.57_L0_R00016_C00003_X7752_Y30976.jpg,0.0,230.995,16,3,1
Sample_089 - 2026-08-04 19.03.57,Sample_089 - 2026-08-04 19.03.57/Sample_089 - 2026-08-04 19.03.57_L0_R00032_C00016_X41344_Y61952.jpg,E:\PHD\PhdData\Patologi afd. - Aalborg\40x Input tiles for CVAT\Sample_089 - 2026-08-04 19.03.57\Sample_089 - 2026-08-04 19.03.57_L0_R00032_C00016_X41344_Y61952.jpg,0.0,233.67,32,16,2
Sample_089 - 2026-08-04 19.03.57,Sample_089 - 2026-08-04 19.03.57/Sample_089 - 2026-08-04 19.03.57_L0_R00008_C00015_X38760_Y15488.jpg,E:\PHD\PhdData\Patologi afd. - Aalborg\40x Input tiles for CVAT\Sample_089 - 2026-08-04 19.03.57\Sample_089 - 2026-08-04 19.03.57_L0_R00008_C00015_X38760_Y15488.jpg,0.000122,231.551,8,15,3
Sample_089 - 2026-08-04 19.03.57,Sample_089 - 2026-08-04 19.03.57/Sample_089 - 2026-08-04 19.03.57_L0_R00036_C00001_X2584_Y69696.jpg,E:\PHD\PhdData\Patologi afd. - Aalborg\40x Input tiles for CVAT\Sample_089 - 2026-08-04 19.03.57\Sample_089 - 2026-08-04 19.03.57_L0_R00036_C00001_X2584_Y69696.jpg,0.000651,236.232,36,1,4
Sample_089 - 2026-08-04 19.03.57,Sample_089 - 2026-08-04 19.03.57/Sample_089 - 2026-08-04 19.03.57_L0_R00027_C00011_X28424_Y52272.jpg,E:\PHD\PhdData\Patologi afd. - Aalborg\40x Input tiles for CVAT\Sample_089 - 2026-08-04 19.03.57\Sample_089 - 2026-08-04 19.03.57_L0_R00027_C00011_X28424_Y52272.jpg,0.010152,213.771,27,11,5
Sample_089 - 2026-08-04 19.03.57,Sample_089 - 2026-08-04 19.03.57/Sample_089 - 2026-08-04 19.03.57_L0_R00025_C00011_X28424_Y48400.jpg,E:\PHD\PhdData\Patologi afd. - Aalborg\40x Input tiles for CVAT\Sample_089 - 2026-08-04 19.03.57\Sample_089 - 2026-08-04 19.03.57_L0_R00025_C00011_X28424_Y48400.jpg,0.022237,232.26,25,11,6
Sample_089 - 2026-08-04 19.03.57,Sample_089 - 2026-08-04 19.03.57/Sample_089 - 2026-08-04 19.03.57_L0_R00040_C00025_X64600_Y77440.jpg,E:\PHD\PhdData\Patologi afd. - Aalborg\40x Input tiles for CVAT\Sample_089 - 2026-08-04 19.03.57\Sample_089 - 2026-08-04 19.03.57_L0_R00040_C00025_X64600_Y77440.jpg,0.878682,252.697,40,25,7
Sample_091 - 2026-08-04 19.07.17,Sample_091 - 2026-08-04 19.07.17/Sample_091 - 2026-08-04 19.07.17_L0_R00000_C00007_X18088_Y0.jpg,E:\PHD\PhdData\Patologi afd. - Aalborg\40x Input tiles for CVAT\Sample_091 - 2026-08-04 19.07.17\Sample_091 - 2026-08-04 19.07.17_L0_R00000_C00007_X18088_Y0.jpg,0.0,236.259,0,7,0
Sample_091 - 2026-08-04 19.07.17,Sample_091 - 2026-08-04 19.07.17/Sample_091 - 2026-08-04 19.07.17_L0_R00016_C00013_X33592_Y30976.jpg,E:\PHD\PhdData\Patologi afd. - Aalborg\40x Input tiles for CVAT\Sample_091 - 2026-08-04 19.07.17\Sample_091 - 2026-08-04 19.07.17_L0_R00016_C00013_X33592_Y30976.jpg,0.0,191.657,16,13,1
Sample_091 - 2026-08-04 19.07.17,Sample_091 - 2026-08-04 19.07.17/Sample_091 - 2026-08-04 19.07.17_L0_R00029_C00040_X103360_Y56144.jpg,E:\PHD\PhdData\Patologi afd. - Aalborg\40x Input tiles for CVAT\Sample_091 - 2026-08-04 19.07.17\Sample_091 - 2026-08-04 19.07.17_L0_R00029_C00040_X103360_Y56144.jpg,0.0,211.491,29,40,2
Sample_091 - 2026-08-04 19.07.17,Sample_091 - 2026-08-04 19.07.17/Sample_091 - 2026-08-04 19.07.17_L0_R00039_C00044_X113696_Y75504.jpg,E:\PHD\PhdData\Patologi afd. - Aalborg\40x Input tiles for CVAT\Sample_091 - 2026-08-04 19.07.17\Sample_091 - 2026-08-04 19.07.17_L0_R00039_C00044_X113696_Y75504.jpg,0.0,165.348,39,44,3
Sample_091 - 2026-08-04 19.07.17,Sample_091 - 2026-08-04 19.07.17/Sample_091 - 2026-08-04 19.07.17_L0_R00013_C00024_X62016_Y25168.jpg,E:\PHD\PhdData\Patologi afd. - Aalborg\40x Input tiles for CVAT\Sample_091 - 2026-08-04 19.07.17\Sample_091 - 2026-08-04 19.07.17_L0_R00013_C00024_X62016_Y25168.jpg,4.1e-05,187.487,13,24,4
Sample_091 - 2026-08-04 19.07.17,Sample_091 - 2026-08-04 19.07.17/Sample_091 - 2026-08-04 19.07.17_L0_R00013_C00008_X20672_Y25168.jpg,E:\PHD\PhdData\Patologi afd. - Aalborg\40x Input tiles for CVAT\Sample_091 - 2026-08-04 19.07.17\Sample_091 - 2026-08-04 19.07.17_L0_R00013_C00008_X20672_Y25168.jpg,0.000366,120.076,13,8,5
Sample_091 - 2026-08-04 19.07.17,Sample_091 - 2026-08-04 19.07.17/Sample_091 - 2026-08-04 19.07.17_L0_R00008_C00017_X43928_Y15488.jpg,E:\PHD\PhdData\Patologi afd. - Aalborg\40x Input tiles for CVAT\Sample_091 - 2026-08-04 19.07.17\Sample_091 - 2026-08-04 19.07.17_L0_R00008_C00017_X43928_Y15488.jpg,0.002991,200.081,8,17,6
Sample_091 - 2026-08-04 19.07.17,Sample_091 - 2026-08-04 19.07.17/Sample_091 - 2026-08-04 19.07.17_L0_R00051_C00058_X149872_Y98736.jpg,E:\PHD\PhdData\Patologi afd. - Aalborg\40x Input tiles for CVAT\Sample_091 - 2026-08-04 19.07.17\Sample_091 - 2026-08-04 19.07.17_L0_R00051_C00058_X149872_Y98736.jpg,1.0,254.932,51,58,7
Sample_093 - 2026-08-04 19.12.55,Sample_093 - 2026-08-04 19.12.55/Sample_093 - 2026-08-04 19.12.55_L0_R00000_C00063_X162792_Y0.jpg,E:\PHD\PhdData\Patologi afd. - Aalborg\40x Input tiles for CVAT\Sample_093 - 2026-08-04 19.12.55\Sample_093 - 2026-08-04 19.12.55_L0_R00000_C00063_X162792_Y0.jpg,0.0,11.909,0,63,0
Sample_093 - 2026-08-04 19.12.55,Sample_093 - 2026-08-04 19.12.55/Sample_093 - 2026-08-04 19.12.55_L0_R00012_C00000_X0_Y23232.jpg,E:\PHD\PhdData\Patologi afd. - Aalborg\40x Input tiles for CVAT\Sample_093 - 2026-08-04 19.12.55\Sample_093 - 2026-08-04 19.12.55_L0_R00012_C00000_X0_Y23232.jpg,0.0,234.859,12,0,1
Sample_093 - 2026-08-04 19.12.55,Sample_093 - 2026-08-04 19.12.55/Sample_093 - 2026-08-04 19.12.55_L0_R00020_C00050_X129200_Y38720.jpg,E:\PHD\PhdData\Patologi afd. - Aalborg\40x Input tiles for CVAT\Sample_093 - 2026-08-04 19.12.55\Sample_093 - 2026-08-04 19.12.55_L0_R00020_C00050_X129200_Y38720.jpg,0.0,229.174,20,50,2
Sample_093 - 2026-08-04 19.12.55,Sample_093 - 2026-08-04 19.12.55/Sample_093 - 2026-08-04 19.12.55_L0_R00029_C00032_X82688_Y56144.jpg,E:\PHD\PhdData\Patologi afd. - Aalborg\40x Input tiles for CVAT\Sample_093 - 2026-08-04 19.12.55\Sample_093 - 2026-08-04 19.12.55_L0_R00029_C00032_X82688_Y56144.jpg,0.0,232.015,29,32,3
Sample_093 - 2026-08-04 19.12.55,Sample_093 - 2026-08-04 19.12.55/Sample_093 - 2026-08-04 19.12.55_L0_R00038_C00010_X25840_Y73568.jpg,E:\PHD\PhdData\Patologi afd. - Aalborg\40x Input tiles for CVAT\Sample_093 - 2026-08-04 19.12.55\Sample_093 - 2026-08-04 19.12.55_L0_R00038_C00010_X25840_Y73568.jpg,0.0,227.529,38,10,4
Sample_093 - 2026-08-04 19.12.55,Sample_093 - 2026-08-04 19.12.55/Sample_093 - 2026-08-04 19.12.55_L0_R00047_C00033_X85272_Y90992.jpg,E:\PHD\PhdData\Patologi afd. - Aalborg\40x Input tiles for CVAT\Sample_093 - 2026-08-04 19.12.55\Sample_093 - 2026-08-04 19.12.55_L0_R00047_C00033_X85272_Y90992.jpg,0.0,225.746,47,33,5
Sample_093 - 2026-08-04 19.12.55,Sample_093 - 2026-08-04 19.12.55/Sample_093 - 2026-08-04 19.12.55_L0_R00013_C00008_X20672_Y25168.jpg,E:\PHD\PhdData\Patologi afd. - Aalborg\40x Input tiles for CVAT\Sample_093 - 2026-08-04 19.12.55\Sample_093 - 2026-08-04 19.12.55_L0_R00013_C00008_X20672_Y25168.jpg,0.000142,235.033,13,8,6
Sample_093 - 2026-08-04 19.12.55,Sample_093 - 2026-08-04 19.12.55/Sample_093 - 2026-08-04 19.12.55_L0_R00055_C00056_X144704_Y106480.jpg,E:\PHD\PhdData\Patologi afd. - Aalborg\40x Input tiles for CVAT\Sample_093 - 2026-08-04 19.12.55\Sample_093 - 2026-08-04 19.12.55_L0_R00055_C00056_X144704_Y106480.jpg,1.0,254.976,55,56,7
Sample_094 - 2026-08-04 19.15.58,Sample_094 - 2026-08-04 19.15.58/Sample_094 - 2026-08-04 19.15.58_L0_R00001_C00003_X7752_Y1936.jpg,E:\PHD\PhdData\Patologi afd. - Aalborg\40x Input tiles for CVAT\Sample_094 - 2026-08-04 19.15.58\Sample_094 - 2026-08-04 19.15.58_L0_R00001_C00003_X7752_Y1936.jpg,0.0,233.969,1,3,0
Sample_094 - 2026-08-04 19.15.58,Sample_094 - 2026-08-04 19.15.58/Sample_094 - 2026-08-04 19.15.58_L0_R00014_C00052_X134368_Y27104.jpg,E:\PHD\PhdData\Patologi afd. - Aalborg\40x Input tiles for CVAT\Sample_094 - 2026-08-04 19.15.58\Sample_094 - 2026-08-04 19.15.58_L0_R00014_C00052_X134368_Y27104.jpg,0.0,230.433,14,52,1
Sample_094 - 2026-08-04 19.15.58,Sample_094 - 2026-08-04 19.15.58/Sample_094 - 2026-08-04 19.15.58_L0_R00024_C00009_X23256_Y46464.jpg,E:\PHD\PhdData\Patologi afd. - Aalborg\40x Input tiles for CVAT\Sample_094 - 2026-08-04 19.15.58\Sample_094 - 2026-08-04 19.15.58_L0_R00024_C00009_X23256_Y46464.jpg,0.0,232.122,24,9,2
Sample_094 - 2026-08-04 19.15.58,Sample_094 - 2026-08-04 19.15.58/Sample_094 - 2026-08-04 19.15.58_L0_R00033_C00009_X23256_Y63888.jpg,E:\PHD\PhdData\Patologi afd. - Aalborg\40x Input tiles for CVAT\Sample_094 - 2026-08-04 19.15.58\Sample_094 - 2026-08-04 19.15.58_L0_R00033_C00009_X23256_Y63888.jpg,0.0,229.804,33,9,3
Sample_094 - 2026-08-04 19.15.58,Sample_094 - 2026-08-04 19.15.58/Sample_094 - 2026-08-04 19.15.58_L0_R00042_C00024_X62016_Y81312.jpg,E:\PHD\PhdData\Patologi afd. - Aalborg\40x Input tiles for CVAT\Sample_094 - 2026-08-04 19.15.58\Sample_094 - 2026-08-04 19.15.58_L0_R00042_C00024_X62016_Y81312.jpg,0.0,229.263,42,24,4
Sample_094 - 2026-08-04 19.15.58,Sample_094 - 2026-08-04 19.15.58/Sample_094 - 2026-08-04 19.15.58_L0_R00040_C00002_X5168_Y77440.jpg,E:\PHD\PhdData\Patologi afd. - Aalborg\40x Input tiles for CVAT\Sample_094 - 2026-08-04 19.15.58\Sample_094 - 2026-08-04 19.15.58_L0_R00040_C00002_X5168_Y77440.jpg,2e-05,232.95,40,2,5
Sample_094 - 2026-08-04 19.15.58,Sample_094 - 2026-08-04 19.15.58/Sample_094 - 2026-08-04 19.15.58_L0_R00046_C00030_X77520_Y89056.jpg,E:\PHD\PhdData\Patologi afd. - Aalborg\40x Input tiles for CVAT\Sample_094 - 2026-08-04 19.15.58\Sample_094 - 2026-08-04 19.15.58_L0_R00046_C00030_X77520_Y89056.jpg,0.000285,231.61,46,30,6
Sample_094 - 2026-08-04 19.15.58,Sample_094 - 2026-08-04 19.15.58/Sample_094 - 2026-08-04 19.15.58_L0_R00055_C00057_X147288_Y106480.jpg,E:\PHD\PhdData\Patologi afd. - Aalborg\40x Input tiles for CVAT\Sample_094 - 2026-08-04 19.15.58\Sample_094 - 2026-08-04 19.15.58_L0_R00055_C00057_X147288_Y106480.jpg,1.0,255.0,55,57,7
Sample_097 - 2026-08-04 19.22.04,Sample_097 - 2026-08-04 19.22.04/Sample_097 - 2026-08-04 19.22.04_L0_R00000_C00004_X10336_Y0.jpg,E:\PHD\PhdData\Patologi afd. - Aalborg\40x Input tiles for CVAT\Sample_097 - 2026-08-04 19.22.04\Sample_097 - 2026-08-04 19.22.04_L0_R00000_C00004_X10336_Y0.jpg,0.0,234.659,0,4,0
Sample_097 - 2026-08-04 19.22.04,Sample_097 - 2026-08-04 19.22.04/Sample_097 - 2026-08-04 19.22.04_L0_R00017_C00017_X43928_Y32912.jpg,E:\PHD\PhdData\Patologi afd. - Aalborg\40x Input tiles for CVAT\Sample_097 - 2026-08-04 19.22.04\Sample_097 - 2026-08-04 19.22.04_L0_R00017_C00017_X43928_Y32912.jpg,0.0,233.176,17,17,1
Sample_097 - 2026-08-04 19.22.04,Sample_097 - 2026-08-04 19.22.04/Sample_097 - 2026-08-04 19.22.04_L0_R00027_C00020_X51680_Y52272.jpg,E:\PHD\PhdData\Patologi afd. - Aalborg\40x Input tiles for CVAT\Sample_097 - 2026-08-04 19.22.04\Sample_097 - 2026-08-04 19.22.04_L0_R00027_C00020_X51680_Y52272.jpg,0.0,220.951,27,20,2
Sample_097 - 2026-08-04 19.22.04,Sample_097 - 2026-08-04 19.22.04/Sample_097 - 2026-08-04 19.22.04_L0_R00038_C00022_X56848_Y73568.jpg,E:\PHD\PhdData\Patologi afd. - Aalborg\40x Input tiles for CVAT\Sample_097 - 2026-08-04 19.22.04\Sample_097 - 2026-08-04 19.22.04_L0_R00038_C00022_X56848_Y73568.jpg,0.0,228.072,38,22,3
Sample_097 - 2026-08-04 19.22.04,Sample_097 - 2026-08-04 19.22.04/Sample_097 - 2026-08-04 19.22.04_L0_R00050_C00056_X144704_Y96800.jpg,E:\PHD\PhdData\Patologi afd. - Aalborg\40x Input tiles for CVAT\Sample_097 - 2026-08-04 19.22.04\Sample_097 - 2026-08-04 19.22.04_L0_R00050_C00056_X144704_Y96800.jpg,2e-05,234.866,50,56,4
Sample_097 - 2026-08-04 19.22.04,Sample_097 - 2026-08-04 19.22.04/Sample_097 - 2026-08-04 19.22.04_L0_R00015_C00038_X98192_Y29040.jpg,E:\PHD\PhdData\Patologi afd. - Aalborg\40x Input tiles for CVAT\Sample_097 - 2026-08-04 19.22.04\Sample_097 - 2026-08-04 19.22.04_L0_R00015_C00038_X98192_Y29040.jpg,0.000163,227.372,15,38,5
Sample_097 - 2026-08-04 19.22.04,Sample_097 - 2026-08-04 19.22.04/Sample_097 - 2026-08-04 19.22.04_L0_R00003_C00007_X18088_Y5808.jpg,E:\PHD\PhdData\Patologi afd. - Aalborg\40x Input tiles for CVAT\Sample_097 - 2026-08-04 19.22.04\Sample_097 - 2026-08-04 19.22.04_L0_R00003_C00007_X18088_Y5808.jpg,0.000651,234.505,3,7,6
Sample_097 - 2026-08-04 19.22.04,Sample_097 - 2026-08-04 19.22.04/Sample_097 - 2026-08-04 19.22.04_L0_R00051_C00065_X167960_Y98736.jpg,E:\PHD\PhdData\Patologi afd. - Aalborg\40x Input tiles for CVAT\Sample_097 - 2026-08-04 19.22.04\Sample_097 - 2026-08-04 19.22.04_L0_R00051_C00065_X167960_Y98736.jpg,0.933533,253.647,51,65,7
Sample_103 - 2026-08-04 19.36.36,Sample_103 - 2026-08-04 19.36.36/Sample_103 - 2026-08-04 19.36.36_L0_R00002_C00012_X31008_Y3872.jpg,E:\PHD\PhdData\Patologi afd. - Aalborg\40x Input tiles for CVAT\Sample_103 - 2026-08-04 19.36.36\Sample_103 - 2026-08-04 19.36.36_L0_R00002_C00012_X31008_Y3872.jpg,0.0,235.034,2,12,0
Sample_103 - 2026-08-04 19.36.36,Sample_103 - 2026-08-04 19.36.36/Sample_103 - 2026-08-04 19.36.36_L0_R00015_C00007_X18088_Y29040.jpg,E:\PHD\PhdData\Patologi afd. - Aalborg\40x Input tiles for CVAT\Sample_103 - 2026-08-04 19.36.36\Sample_103 - 2026-08-04 19.36.36_L0_R00015_C00007_X18088_Y29040.jpg,0.0,212.689,15,7,1
Sample_103 - 2026-08-04 19.36.36,Sample_103 - 2026-08-04 19.36.36/Sample_103 - 2026-08-04 19.36.36_L0_R00023_C00021_X54264_Y44528.jpg,E:\PHD\PhdData\Patologi afd. - Aalborg\40x Input tiles for CVAT\Sample_103 - 2026-08-04 19.36.36\Sample_103 - 2026-08-04 19.36.36_L0_R00023_C00021_X54264_Y44528.jpg,0.0,201.843,23,21,2
Sample_103 - 2026-08-04 19.36.36,Sample_103 - 2026-08-04 19.36.36/Sample_103 - 2026-08-04 19.36.36_L0_R00032_C00044_X113696_Y61952.jpg,E:\PHD\PhdData\Patologi afd. - Aalborg\40x Input tiles for CVAT\Sample_103 - 2026-08-04 19.36.36\Sample_103 - 2026-08-04 19.36.36_L0_R00032_C00044_X113696_Y61952.jpg,0.0,234.82,32,44,3
Sample_103 - 2026-08-04 19.36.36,Sample_103 - 2026-08-04 19.36.36/Sample_103 - 2026-08-04 19.36.36_L0_R00041_C00044_X113696_Y79376.jpg,E:\PHD\PhdData\Patologi afd. - Aalborg\40x Input tiles for CVAT\Sample_103 - 2026-08-04 19.36.36\Sample_103 - 2026-08-04 19.36.36_L0_R00041_C00044_X113696_Y79376.jpg,0.0,235.057,41,44,4
Sample_103 - 2026-08-04 19.36.36,Sample_103 - 2026-08-04 19.36.36/Sample_103 - 2026-08-04 19.36.36_L0_R00011_C00021_X54264_Y21296.jpg,E:\PHD\PhdData\Patologi afd. - Aalborg\40x Input tiles for CVAT\Sample_103 - 2026-08-04 19.36.36\Sample_103 - 2026-08-04 19.36.36_L0_R00011_C00021_X54264_Y21296.jpg,2e-05,219.38,11,21,5
Sample_103 - 2026-08-04 19.36.36,Sample_103 - 2026-08-04 19.36.36/Sample_103 - 2026-08-04 19.36.36_L0_R00007_C00031_X80104_Y13552.jpg,E:\PHD\PhdData\Patologi afd. - Aalborg\40x Input tiles for CVAT\Sample_103 - 2026-08-04 19.36.36\Sample_103 - 2026-08-04 19.36.36_L0_R00007_C00031_X80104_Y13552.jpg,0.000244,234.766,7,31,6
Sample_103 - 2026-08-04 19.36.36,Sample_103 - 2026-08-04 19.36.36/Sample_103 - 2026-08-04 19.36.36_L0_R00052_C00046_X118864_Y100672.jpg,E:\PHD\PhdData\Patologi afd. - Aalborg\40x Input tiles for CVAT\Sample_103 - 2026-08-04 19.36.36\Sample_103 - 2026-08-04 19.36.36_L0_R00052_C00046_X118864_Y100672.jpg,0.975789,254.505,52,46,7
Sample_104 - 2026-08-04 19.38.48,Sample_104 - 2026-08-04 19.38.48/Sample_104 - 2026-08-04 19.38.48_L0_R00000_C00000_X0_Y0.jpg,E:\PHD\PhdData\Patologi afd. - Aalborg\40x Input tiles for CVAT\Sample_104 - 2026-08-04 19.38.48\Sample_104 - 2026-08-04 19.38.48_L0_R00000_C00000_X0_Y0.jpg,0.0,236.097,0,0,0
Sample_104 - 2026-08-04 19.38.48,Sample_104 - 2026-08-04 19.38.48/Sample_104 - 2026-08-04 19.38.48_L0_R00006_C00000_X0_Y11616.jpg,E:\PHD\PhdData\Patologi afd. - Aalborg\40x Input tiles for CVAT\Sample_104 - 2026-08-04 19.38.48\Sample_104 - 2026-08-04 19.38.48_L0_R00006_C00000_X0_Y11616.jpg,0.0,233.327,6,0,1
Sample_104 - 2026-08-04 19.38.48,Sample_104 - 2026-08-04 19.38.48/Sample_104 - 2026-08-04 19.38.48_L0_R00011_C00007_X18088_Y21296.jpg,E:\PHD\PhdData\Patologi afd. - Aalborg\40x Input tiles for CVAT\Sample_104 - 2026-08-04 19.38.48\Sample_104 - 2026-08-04 19.38.48_L0_R00011_C00007_X18088_Y21296.jpg,0.0,225.631,11,7,2
Sample_104 - 2026-08-04 19.38.48,Sample_104 - 2026-08-04 19.38.48/Sample_104 - 2026-08-04 19.38.48_L0_R00016_C00003_X7752_Y30976.jpg,E:\PHD\PhdData\Patologi afd. - Aalborg\40x Input tiles for CVAT\Sample_104 - 2026-08-04 19.38.48\Sample_104 - 2026-08-04 19.38.48_L0_R00016_C00003_X7752_Y30976.jpg,0.0,226.111,16,3,3
Sample_104 - 2026-08-04 19.38.48,Sample_104 - 2026-08-04 19.38.48/Sample_104 - 2026-08-04 19.38.48_L0_R00021_C00009_X23256_Y40656.jpg,E:\PHD\PhdData\Patologi afd. - Aalborg\40x Input tiles for CVAT\Sample_104 - 2026-08-04 19.38.48\Sample_104 - 2026-08-04 19.38.48_L0_R00021_C00009_X23256_Y40656.jpg,0.0,222.972,21,9,4
Sample_104 - 2026-08-04 19.38.48,Sample_104 - 2026-08-04 19.38.48/Sample_104 - 2026-08-04 19.38.48_L0_R00026_C00021_X54264_Y50336.jpg,E:\PHD\PhdData\Patologi afd. - Aalborg\40x Input tiles for CVAT\Sample_104 - 2026-08-04 19.38.48\Sample_104 - 2026-08-04 19.38.48_L0_R00026_C00021_X54264_Y50336.jpg,0.0,227.32,26,21,5
Sample_104 - 2026-08-04 19.38.48,Sample_104 - 2026-08-04 19.38.48/Sample_104 - 2026-08-04 19.38.48_L0_R00003_C00045_X116280_Y5808.jpg,E:\PHD\PhdData\Patologi afd. - Aalborg\40x Input tiles for CVAT\Sample_104 - 2026-08-04 19.38.48\Sample_104 - 2026-08-04 19.38.48_L0_R00003_C00045_X116280_Y5808.jpg,4.1e-05,235.873,3,45,6
Sample_104 - 2026-08-04 19.38.48,Sample_104 - 2026-08-04 19.38.48/Sample_104 - 2026-08-04 19.38.48_L0_R00030_C00047_X121448_Y58080.jpg,E:\PHD\PhdData\Patologi afd. - Aalborg\40x Input tiles for CVAT\Sample_104 - 2026-08-04 19.38.48\Sample_104 - 2026-08-04 19.38.48_L0_R00030_C00047_X121448_Y58080.jpg,0.477091,243.19,30,47,7
Sample_105 - 2026-08-04 19.40.13,Sample_105 - 2026-08-04 19.40.13/Sample_105 - 2026-08-04 19.40.13_L0_R00000_C00000_X0_Y0.jpg,E:\PHD\PhdData\Patologi afd. - Aalborg\40x Input tiles for CVAT\Sample_105 - 2026-08-04 19.40.13\Sample_105 - 2026-08-04 19.40.13_L0_R00000_C00000_X0_Y0.jpg,0.0,234.895,0,0,0
Sample_105 - 2026-08-04 19.40.13,Sample_105 - 2026-08-04 19.40.13/Sample_105 - 2026-08-04 19.40.13_L0_R00007_C00032_X82688_Y13552.jpg,E:\PHD\PhdData\Patologi afd. - Aalborg\40x Input tiles for CVAT\Sample_105 - 2026-08-04 19.40.13\Sample_105 - 2026-08-04 19.40.13_L0_R00007_C00032_X82688_Y13552.jpg,0.0,215.626,7,32,1
Sample_105 - 2026-08-04 19.40.13,Sample_105 - 2026-08-04 19.40.13/Sample_105 - 2026-08-04 19.40.13_L0_R00015_C00000_X0_Y29040.jpg,E:\PHD\PhdData\Patologi afd. - Aalborg\40x Input tiles for CVAT\Sample_105 - 2026-08-04 19.40.13\Sample_105 - 2026-08-04 19.40.13_L0_R00015_C00000_X0_Y29040.jpg,0.0,229.652,15,0,2
Sample_105 - 2026-08-04 19.40.13,Sample_105 - 2026-08-04 19.40.13/Sample_105 - 2026-08-04 19.40.13_L0_R00022_C00006_X15504_Y42592.jpg,E:\PHD\PhdData\Patologi afd. - Aalborg\40x Input tiles for CVAT\Sample_105 - 2026-08-04 19.40.13\Sample_105 - 2026-08-04 19.40.13_L0_R00022_C00006_X15504_Y42592.jpg,0.0,228.588,22,6,3
Sample_105 - 2026-08-04 19.40.13,Sample_105 - 2026-08-04 19.40.13/Sample_105 - 2026-08-04 19.40.13_L0_R00029_C00019_X49096_Y56144.jpg,E:\PHD\PhdData\Patologi afd. - Aalborg\40x Input tiles for CVAT\Sample_105 - 2026-08-04 19.40.13\Sample_105 - 2026-08-04 19.40.13_L0_R00029_C00019_X49096_Y56144.jpg,0.0,210.912,29,19,4
Sample_105 - 2026-08-04 19.40.13,Sample_105 - 2026-08-04 19.40.13/Sample_105 - 2026-08-04 19.40.13_L0_R00037_C00005_X12920_Y71632.jpg,E:\PHD\PhdData\Patologi afd. - Aalborg\40x Input tiles for CVAT\Sample_105 - 2026-08-04 19.40.13\Sample_105 - 2026-08-04 19.40.13_L0_R00037_C00005_X12920_Y71632.jpg,0.0,235.033,37,5,5
Sample_105 - 2026-08-04 19.40.13,Sample_105 - 2026-08-04 19.40.13/Sample_105 - 2026-08-04 19.40.13_L0_R00035_C00008_X20672_Y67760.jpg,E:\PHD\PhdData\Patologi afd. - Aalborg\40x Input tiles for CVAT\Sample_105 - 2026-08-04 19.40.13\Sample_105 - 2026-08-04 19.40.13_L0_R00035_C00008_X20672_Y67760.jpg,2e-05,234.517,35,8,6
Sample_105 - 2026-08-04 19.40.13,Sample_105 - 2026-08-04 19.40.13/Sample_105 - 2026-08-04 19.40.13_L0_R00044_C00050_X129200_Y85184.jpg,E:\PHD\PhdData\Patologi afd. - Aalborg\40x Input tiles for CVAT\Sample_105 - 2026-08-04 19.40.13\Sample_105 - 2026-08-04 19.40.13_L0_R00044_C00050_X129200_Y85184.jpg,0.983521,254.631,44,50,7
Sample_106 - 2026-08-04 19.42.15,Sample_106 - 2026-08-04 19.42.15/Sample_106 - 2026-08-04 19.42.15_L0_R00000_C00000_X0_Y0.jpg,E:\PHD\PhdData\Patologi afd. - Aalborg\40x Input tiles for CVAT\Sample_106 - 2026-08-04 19.42.15\Sample_106 - 2026-08-04 19.42.15_L0_R00000_C00000_X0_Y0.jpg,0.0,235.259,0,0,0
Sample_106 - 2026-08-04 19.42.15,Sample_106 - 2026-08-04 19.42.15/Sample_106 - 2026-08-04 19.42.15_L0_R00007_C00039_X100776_Y13552.jpg,E:\PHD\PhdData\Patologi afd. - Aalborg\40x Input tiles for CVAT\Sample_106 - 2026-08-04 19.42.15\Sample_106 - 2026-08-04 19.42.15_L0_R00007_C00039_X100776_Y13552.jpg,0.0,229.755,7,39,1
Sample_106 - 2026-08-04 19.42.15,Sample_106 - 2026-08-04 19.42.15/Sample_106 - 2026-08-04 19.42.15_L0_R00014_C00041_X105944_Y27104.jpg,E:\PHD\PhdData\Patologi afd. - Aalborg\40x Input tiles for CVAT\Sample_106 - 2026-08-04 19.42.15\Sample_106 - 2026-08-04 19.42.15_L0_R00014_C00041_X105944_Y27104.jpg,0.0,230.362,14,41,2
Sample_106 - 2026-08-04 19.42.15,Sample_106 - 2026-08-04 19.42.15/Sample_106 - 2026-08-04 19.42.15_L0_R00021_C00022_X56848_Y40656.jpg,E:\PHD\PhdData\Patologi afd. - Aalborg\40x Input tiles for CVAT\Sample_106 - 2026-08-04 19.42.15\Sample_106 - 2026-08-04 19.42.15_L0_R00021_C00022_X56848_Y40656.jpg,0.0,226.967,21,22,3
Sample_106 - 2026-08-04 19.42.15,Sample_106 - 2026-08-04 19.42.15/Sample_106 - 2026-08-04 19.42.15_L0_R00028_C00024_X62016_Y54208.jpg,E:\PHD\PhdData\Patologi afd. - Aalborg\40x Input tiles for CVAT\Sample_106 - 2026-08-04 19.42.15\Sample_106 - 2026-08-04 19.42.15_L0_R00028_C00024_X62016_Y54208.jpg,0.0,225.501,28,24,4
Sample_106 - 2026-08-04 19.42.15,Sample_106 - 2026-08-04 19.42.15/Sample_106 - 2026-08-04 19.42.15_L0_R00035_C00002_X5168_Y67760.jpg,E:\PHD\PhdData\Patologi afd. - Aalborg\40x Input tiles for CVAT\Sample_106 - 2026-08-04 19.42.15\Sample_106 - 2026-08-04 19.42.15_L0_R00035_C00002_X5168_Y67760.jpg,0.0,234.91,35,2,5
Sample_106 - 2026-08-04 19.42.15,Sample_106 - 2026-08-04 19.42.15/Sample_106 - 2026-08-04 19.42.15_L0_R00004_C00005_X12920_Y7744.jpg,E:\PHD\PhdData\Patologi afd. - Aalborg\40x Input tiles for CVAT\Sample_106 - 2026-08-04 19.42.15\Sample_106 - 2026-08-04 19.42.15_L0_R00004_C00005_X12920_Y7744.jpg,4.1e-05,234.92,4,5,6
Sample_106 - 2026-08-04 19.42.15,Sample_106 - 2026-08-04 19.42.15/Sample_106 - 2026-08-04 19.42.15_L0_R00040_C00052_X134368_Y77440.jpg,E:\PHD\PhdData\Patologi afd. - Aalborg\40x Input tiles for CVAT\Sample_106 - 2026-08-04 19.42.15\Sample_106 - 2026-08-04 19.42.15_L0_R00040_C00052_X134368_Y77440.jpg,0.994568,254.886,40,52,7
Sample_107 - 2026-08-04 19.44.12,Sample_107 - 2026-08-04 19.44.12/Sample_107 - 2026-08-04 19.44.12_L0_R00000_C00002_X5168_Y0.jpg,E:\PHD\PhdData\Patologi afd. - Aalborg\40x Input tiles for CVAT\Sample_107 - 2026-08-04 19.44.12\Sample_107 - 2026-08-04 19.44.12_L0_R00000_C00002_X5168_Y0.jpg,0.0,232.681,0,2,0
Sample_107 - 2026-08-04 19.44.12,Sample_107 - 2026-08-04 19.44.12/Sample_107 - 2026-08-04 19.44.12_L0_R00004_C00040_X103360_Y7744.jpg,E:\PHD\PhdData\Patologi afd. - Aalborg\40x Input tiles for CVAT\Sample_107 - 2026-08-04 19.44.12\Sample_107 - 2026-08-04 19.44.12_L0_R00004_C00040_X103360_Y7744.jpg,0.0,225.838,4,40,1
Sample_107 - 2026-08-04 19.44.12,Sample_107 - 2026-08-04 19.44.12/Sample_107 - 2026-08-04 19.44.12_L0_R00009_C00029_X74936_Y17424.jpg,E:\PHD\PhdData\Patologi afd. - Aalborg\40x Input tiles for CVAT\Sample_107 - 2026-08-04 19.44.12\Sample_107 - 2026-08-04 19.44.12_L0_R00009_C00029_X74936_Y17424.jpg,0.0,227.757,9,29,2
Sample_107 - 2026-08-04 19.44.12,Sample_107 - 2026-08-04 19.44.12/Sample_107 - 2026-08-04 19.44.12_L0_R00014_C00024_X62016_Y27104.jpg,E:\PHD\PhdData\Patologi afd. - Aalborg\40x Input tiles for CVAT\Sample_107 - 2026-08-04 19.44.12\Sample_107 - 2026-08-04 19.44.12_L0_R00014_C00024_X62016_Y27104.jpg,0.0,231.859,14,24,3
Sample_107 - 2026-08-04 19.44.12,Sample_107 - 2026-08-04 19.44.12/Sample_107 - 2026-08-04 19.44.12_L0_R00019_C00035_X90440_Y36784.jpg,E:\PHD\PhdData\Patologi afd. - Aalborg\40x Input tiles for CVAT\Sample_107 - 2026-08-04 19.44.12\Sample_107 - 2026-08-04 19.44.12_L0_R00019_C00035_X90440_Y36784.jpg,0.0,228.925,19,35,4
Sample_107 - 2026-08-04 19.44.12,Sample_107 - 2026-08-04 19.44.12/Sample_107 - 2026-08-04 19.44.12_L0_R00024_C00037_X95608_Y46464.jpg,E:\PHD\PhdData\Patologi afd. - Aalborg\40x Input tiles for CVAT\Sample_107 - 2026-08-04 19.44.12\Sample_107 - 2026-08-04 19.44.12_L0_R00024_C00037_X95608_Y46464.jpg,0.0,225.9,24,37,5
Sample_107 - 2026-08-04 19.44.12,Sample_107 - 2026-08-04 19.44.12/Sample_107 - 2026-08-04 19.44.12_L0_R00019_C00027_X69768_Y36784.jpg,E:\PHD\PhdData\Patologi afd. - Aalborg\40x Input tiles for CVAT\Sample_107 - 2026-08-04 19.44.12\Sample_107 - 2026-08-04 19.44.12_L0_R00019_C00027_X69768_Y36784.jpg,6.1e-05,231.96,19,27,6
Sample_107 - 2026-08-04 19.44.12,Sample_107 - 2026-08-04 19.44.12/Sample_107 - 2026-08-04 19.44.12_L0_R00027_C00052_X134368_Y52272.jpg,E:\PHD\PhdData\Patologi afd. - Aalborg\40x Input tiles for CVAT\Sample_107 - 2026-08-04 19.44.12\Sample_107 - 2026-08-04 19.44.12_L0_R00027_C00052_X134368_Y52272.jpg,0.995667,254.912,27,52,7
Sample_108 - 2026-08-04 19.45.28,Sample_108 - 2026-08-04 19.45.28/Sample_108 - 2026-08-04 19.45.28_L0_R00000_C00000_X0_Y0.jpg,E:\PHD\PhdData\Patologi afd. - Aalborg\40x Input tiles for CVAT\Sample_108 - 2026-08-04 19.45.28\Sample_108 - 2026-08-04 19.45.28_L0_R00000_C00000_X0_Y0.jpg,0.0,235.087,0,0,0
Sample_108 - 2026-08-04 19.45.28,Sample_108 - 2026-08-04 19.45.28/Sample_108 - 2026-08-04 19.45.28_L0_R00008_C00039_X100776_Y15488.jpg,E:\PHD\PhdData\Patologi afd. - Aalborg\40x Input tiles for CVAT\Sample_108 - 2026-08-04 19.45.28\Sample_108 - 2026-08-04 19.45.28_L0_R00008_C00039_X100776_Y15488.jpg,0.0,150.592,8,39,1
Sample_108 - 2026-08-04 19.45.28,Sample_108 - 2026-08-04 19.45.28/Sample_108 - 2026-08-04 19.45.28_L0_R00016_C00009_X23256_Y30976.jpg,E:\PHD\PhdData\Patologi afd. - Aalborg\40x Input tiles for CVAT\Sample_108 - 2026-08-04 19.45.28\Sample_108 - 2026-08-04 19.45.28_L0_R00016_C00009_X23256_Y30976.jpg,0.0,213.678,16,9,2
Sample_108 - 2026-08-04 19.45.28,Sample_108 - 2026-08-04 19.45.28/Sample_108 - 2026-08-04 19.45.28_L0_R00023_C00049_X126616_Y44528.jpg,E:\PHD\PhdData\Patologi afd. - Aalborg\40x Input tiles for CVAT\Sample_108 - 2026-08-04 19.45.28\Sample_108 - 2026-08-04 19.45.28_L0_R00023_C00049_X126616_Y44528.jpg,0.0,217.74,23,49,3
Sample_108 - 2026-08-04 19.45.28,Sample_108 - 2026-08-04 19.45.28/Sample_108 - 2026-08-04 19.45.28_L0_R00031_C00024_X62016_Y60016.jpg,E:\PHD\PhdData\Patologi afd. - Aalborg\40x Input tiles for CVAT\Sample_108 - 2026-08-04 19.45.28\Sample_108 - 2026-08-04 19.45.28_L0_R00031_C00024_X62016_Y60016.jpg,0.0,180.411,31,24,4
Sample_108 - 2026-08-04 19.45.28,Sample_108 - 2026-08-04 19.45.28/Sample_108 - 2026-08-04 19.45.28_L0_R00039_C00024_X62016_Y75504.jpg,E:\PHD\PhdData\Patologi afd. - Aalborg\40x Input tiles for CVAT\Sample_108 - 2026-08-04 19.45.28\Sample_108 - 2026-08-04 19.45.28_L0_R00039_C00024_X62016_Y75504.jpg,0.0,203.255,39,24,5
Sample_108 - 2026-08-04 19.45.28,Sample_108 - 2026-08-04 19.45.28/Sample_108 - 2026-08-04 19.45.28_L0_R00042_C00011_X28424_Y81312.jpg,E:\PHD\PhdData\Patologi afd. - Aalborg\40x Input tiles for CVAT\Sample_108 - 2026-08-04 19.45.28\Sample_108 - 2026-08-04 19.45.28_L0_R00042_C00011_X28424_Y81312.jpg,4.1e-05,234.703,42,11,6
Sample_108 - 2026-08-04 19.45.28,Sample_108 - 2026-08-04 19.45.28/Sample_108 - 2026-08-04 19.45.28_L0_R00048_C00068_X175712_Y92928.jpg,E:\PHD\PhdData\Patologi afd. - Aalborg\40x Input tiles for CVAT\Sample_108 - 2026-08-04 19.45.28\Sample_108 - 2026-08-04 19.45.28_L0_R00048_C00068_X175712_Y92928.jpg,0.710531,182.647,48,68,7
