{
  "coco_summary": {
    "AP@50:95_all": 0.024298651339223876,
    "AP@50_all": 0.05513908533710514,
    "AP@75_all": 0.012947448591012947,
    "AR@50:95_all": 0.0021538461538461538,
    "per_class": [
      {
        "category_id": 0,
        "class": "Leucocyte",
        "AP@50:95": -0.2422836648091529,
        "AP@50": -0.23194597237501527
      }
    ]
  },
  "confusion_matrix": {
    "labels": [
      "Leucocyte",
      "background"
    ],
    "matrix": [
      [
        38,
        612
      ],
      [
        18,
        0
      ]
    ],
    "iou_for_confmat": 0.5,
    "score_thresh": 0.2
  },
  "num_images_eval": 48,
  "checkpoint": "./RFDETR_SOLO_OUTPUT/dataset_coco_splits_20251030-103504_Base_AllClasses_Leucocyte/rfdetr_run/checkpoint_best_total.pth",
  "test_json": "RFDETR_SOLO_OUTPUT\\dataset_coco_splits_20251030-103504_Base_AllClasses_Leucocyte\\test\\_annotations.coco.json"
}